step,batch,lr,loss,perplexity,ms_per_step,s_per_norm_seq,delta_word,delta_char1,word_loss
10,10,1e-5,5.111705,165.9531,941.45,0.9334,0.000170,0.000479,31.195755
20,20,2e-5,4.969611,143.9709,846.97,0.8447,0.001144,0.003032,33.286957
30,30,3.0000001e-5,4.730105,113.3075,825.62,0.8195,0.003002,0.007176,33.942833
40,40,4e-5,4.302300,73.8695,801.25,0.8658,0.003926,0.007844,27.271296
50,50,5e-5,3.964517,52.6948,847.91,0.8433,0.003502,0.004124,27.054535
60,60,6.0000002e-5,3.665935,39.0927,869.61,0.9070,0.003293,0.002983,21.038986
70,70,6.9999995e-5,3.431352,30.9184,909.72,0.9083,0.002885,0.001677,19.393002
80,80,8e-5,3.310226,27.3913,876.91,0.8835,0.002727,0.001625,19.467712
90,90,8.9999994e-5,3.169891,23.8049,871.58,0.8692,0.002649,0.001388,19.618740
100,100,1e-4,3.038990,20.8841,868.93,0.8644,0.002756,0.001569,18.802181
110,110,1.1e-4,2.953591,19.1747,787.18,0.8356,0.003060,0.001924,19.671988
120,120,1.20000004e-4,2.832058,16.9804,848.54,0.8622,0.003203,0.002316,17.606256
130,130,1.2999999e-4,2.797099,16.3970,822.52,0.8840,0.003892,0.003765,16.760281
140,140,1.3999999e-4,2.697743,14.8462,877.63,0.8718,0.004320,0.006571,16.622663
150,150,1.4999999e-4,2.596517,13.4169,843.45,0.8777,0.004874,0.008020,15.832603
160,160,1.6e-4,2.516353,12.3834,876.01,0.8728,0.005075,0.006999,15.530701
170,170,1.7e-4,2.640445,14.0194,776.31,0.8473,0.005648,0.008707,16.725250
180,180,1.7999999e-4,2.587038,13.2903,845.51,0.8409,0.006245,0.009943,17.254436
190,190,1.8999999e-4,2.541119,12.6939,828.82,0.8259,0.006652,0.010827,17.997749
200,200,1.999556e-4,2.533240,12.5942,804.68,0.8505,0.006600,0.012868,16.665068
210,210,1.9995103e-4,2.415554,11.1960,864.75,0.8622,0.006550,0.011591,15.310251
220,220,1.9994628e-4,2.357676,10.5664,861.29,0.8599,0.007065,0.010398,15.488971
230,230,1.9994128e-4,2.335855,10.3383,811.36,0.8542,0.007981,0.013833,14.850514
240,240,1.9993607e-4,2.347373,10.4581,814.14,0.8664,0.007697,0.012013,14.450525
250,250,1.999306e-4,2.300517,9.9793,836.79,0.8650,0.007426,0.010753,14.942842
260,260,1.9992495e-4,2.266133,9.6420,868.04,0.8593,0.007594,0.012017,14.351603
270,270,1.9991907e-4,2.266371,9.6443,863.59,0.8569,0.007876,0.012374,15.137171
280,280,1.9991296e-4,2.185176,8.8922,873.39,0.8696,0.007783,0.012078,14.191854
290,290,1.9990664e-4,2.114852,8.2884,857.02,0.8527,0.008176,0.012782,13.901152
300,300,1.999001e-4,2.158848,8.6612,865.34,0.9099,0.008248,0.014600,12.932192
310,310,1.9989331e-4,2.169258,8.7518,826.89,0.8889,0.008335,0.014699,13.394526
320,320,1.9988633e-4,2.231278,9.3118,866.69,0.8586,0.008525,0.014050,14.163572
330,330,1.9987911e-4,2.122679,8.3535,801.53,0.8576,0.008866,0.014834,13.649562
340,340,1.9987169e-4,2.088242,8.0707,899.88,0.8957,0.008500,0.014458,12.169753
350,350,1.9986404e-4,2.144627,8.5389,875.87,0.8716,0.008648,0.014126,12.927439
360,360,1.9985615e-4,2.109769,8.2463,825.65,0.8484,0.008540,0.013730,13.990872
370,370,1.9984803e-4,2.069309,7.9193,834.64,0.8320,0.008994,0.016672,14.993533
380,380,1.998397e-4,2.119786,8.3294,821.29,0.8452,0.010241,0.018528,14.149930
390,390,1.9983118e-4,2.175967,8.8107,832.91,0.8493,0.009468,0.015267,14.377975
400,400,1.9982242e-4,2.042299,7.7083,877.04,0.8726,0.008787,0.014110,12.452047
410,410,1.9981342e-4,2.082362,8.0234,824.10,0.8770,0.008945,0.014506,12.484627
420,420,1.998042e-4,2.048348,7.7551,858.35,0.8547,0.008894,0.013518,13.685768
430,430,1.9979477e-4,2.008515,7.4522,851.41,0.8666,0.008930,0.013249,12.827888
440,440,1.9978514e-4,2.038807,7.6814,844.55,0.8628,0.009272,0.014314,12.882733
450,450,1.9977524e-4,1.991492,7.3265,860.19,0.8582,0.009602,0.015550,12.825749
460,460,1.9976517e-4,1.896042,6.6595,847.81,0.8473,0.010050,0.016690,12.710939
470,470,1.9975484e-4,1.853920,6.3848,837.78,0.8715,0.010105,0.015657,11.519701
480,480,1.997443e-4,1.942732,6.9778,863.69,0.8567,0.010693,0.017246,12.388372
490,490,1.9973353e-4,1.988099,7.3016,830.59,0.8596,0.011055,0.020484,12.893011
500,500,1.9972256e-4,2.038734,7.6809,833.46,0.8482,0.010985,0.020751,13.396843
510,510,1.9971136e-4,1.863904,6.4489,854.23,0.8534,0.010434,0.019237,12.004900
520,520,1.9969995e-4,1.938289,6.9469,877.26,0.8730,0.010831,0.020069,12.206047
530,530,1.9968828e-4,1.885348,6.5886,852.15,0.8505,0.011111,0.022786,12.259064
540,540,1.9967643e-4,1.939908,6.9581,782.28,0.8477,0.011023,0.019193,12.890793
550,550,1.9966433e-4,2.003492,7.4149,858.94,0.8546,0.011211,0.019301,13.126411
560,560,1.9965201e-4,1.994000,7.3449,840.94,0.9099,0.010734,0.021043,11.330558
570,570,1.996395e-4,1.976463,7.2172,890.96,0.8832,0.011316,0.020788,11.702579
580,580,1.9962675e-4,2.004862,7.4251,852.40,0.8844,0.011076,0.021731,12.226130
590,590,1.9961377e-4,1.931198,6.8978,823.84,0.8181,0.011437,0.020347,13.966339
600,600,1.9960059e-4,2.001039,7.3967,790.10,0.8540,0.011277,0.020683,12.769780
610,610,1.9958714e-4,1.954167,7.0580,889.33,0.8848,0.011042,0.019398,11.843596
620,620,1.9957352e-4,1.880815,6.5588,894.07,0.8899,0.010687,0.020582,11.138109
630,630,1.9955967e-4,1.812379,6.1250,897.35,0.8933,0.011197,0.018866,10.428919
640,640,1.9954558e-4,1.769459,5.8677,885.76,0.8832,0.011729,0.019485,10.717461
650,650,1.9953129e-4,1.799805,6.0485,824.11,0.8657,0.011950,0.020335,11.273161
660,660,1.9951677e-4,1.917785,6.8059,841.49,0.8385,0.012168,0.020519,12.951700
670,670,1.9950204e-4,1.819381,6.1680,854.28,0.8470,0.011763,0.020380,12.183692
680,680,1.9948708e-4,1.738259,5.6874,854.58,0.8508,0.011589,0.018274,11.268942
690,690,1.9947189e-4,1.913707,6.7782,810.83,0.8645,0.012252,0.021725,11.793157
700,700,1.994565e-4,1.767850,5.8582,845.22,0.8431,0.012173,0.020274,11.878976
710,710,1.9944087e-4,1.882022,6.5668,818.55,0.8825,0.012881,0.022948,11.260586
720,720,1.9942503e-4,1.755722,5.7876,901.04,0.8993,0.012454,0.020463,10.019180
730,730,1.9940894e-4,1.768720,5.8633,790.04,0.8514,0.012715,0.022356,11.723740
740,740,1.9939267e-4,1.841752,6.3076,849.46,0.8439,0.013715,0.022293,12.557097
750,750,1.9937617e-4,1.929558,6.8865,838.59,0.8681,0.012988,0.022861,11.906165
760,760,1.9935943e-4,1.729197,5.6361,850.03,0.8451,0.013202,0.021157,11.717675
770,770,1.993425e-4,1.728440,5.6319,812.20,0.8471,0.012456,0.019151,11.414759
780,780,1.9932532e-4,1.792711,6.0057,875.28,0.8717,0.012737,0.019660,11.230060
790,790,1.9930792e-4,1.752012,5.7662,816.78,0.8832,0.013257,0.022014,10.653192
800,800,1.9929034e-4,1.842446,6.3120,877.42,0.8737,0.013465,0.023775,11.630096
810,810,1.992725e-4,1.770293,5.8726,873.47,0.8687,0.012968,0.022474,11.231539
820,820,1.9925446e-4,1.793282,6.0091,795.86,0.8648,0.013541,0.022567,12.100870
830,830,1.9923618e-4,1.829072,6.2281,875.37,0.9117,0.013541,0.024373,11.247779
840,840,1.992177e-4,1.831450,6.2429,879.59,0.8723,0.013608,0.022798,12.016067
850,850,1.9919898e-4,1.868493,6.4785,849.41,0.8934,0.013507,0.024223,11.624458
860,860,1.9918004e-4,1.899540,6.6828,853.09,0.8600,0.013277,0.023170,13.157018
870,870,1.9916089e-4,1.676259,5.3455,815.71,0.8748,0.013200,0.021353,11.057585
880,880,1.9914153e-4,1.738955,5.6914,892.52,0.8868,0.013926,0.022313,11.236157
890,890,1.9912195e-4,1.776737,5.9105,842.16,0.8764,0.013788,0.022099,11.761453
900,900,1.9910213e-4,1.747346,5.7393,928.09,0.9230,0.013040,0.020978,10.069388
910,910,1.990821e-4,1.840272,6.2982,920.00,0.9168,0.013922,0.024485,10.962811
920,920,1.9906185e-4,1.677567,5.3525,891.60,0.8895,0.013252,0.022305,10.561182
930,930,1.9904139e-4,1.697579,5.4607,882.12,0.8766,0.013647,0.021796,11.004453
940,940,1.990207e-4,1.803103,6.0685,806.69,0.8710,0.013980,0.022693,12.228647
950,950,1.989998e-4,1.823359,6.1926,854.64,0.8607,0.014364,0.024563,12.535495
960,960,1.9897867e-4,1.763656,5.8337,864.31,0.8588,0.013928,0.022925,12.091127
970,970,1.989573e-4,1.607704,4.9913,874.26,0.8811,0.014106,0.025118,10.593462
980,980,1.9893574e-4,1.815378,6.1434,862.09,0.8546,0.014155,0.022700,12.710631
990,990,1.9891397e-4,1.672511,5.3255,878.67,0.8724,0.013369,0.021030,11.113414
1000,1000,1.9889194e-4,1.662730,5.2737,864.91,0.8604,0.013868,0.021051,11.519109
1010,1010,1.9886973e-4,1.774498,5.8973,846.10,0.8704,0.014082,0.023959,11.859035
1020,1020,1.988473e-4,1.963069,7.1212,881.71,0.8766,0.013905,0.023290,12.828921
1030,1030,1.9882462e-4,1.921199,6.8291,886.89,0.8822,0.013751,0.021758,12.710635
1040,1040,1.9880175e-4,1.785751,5.9641,891.05,0.8874,0.013819,0.021446,12.044579
1050,1050,1.9877864e-4,1.669187,5.3078,880.45,0.8736,0.014399,0.022124,11.541183
1060,1060,1.987553e-4,1.652995,5.2226,880.63,0.8757,0.014171,0.020151,11.693081
1070,1070,1.9873178e-4,1.620481,5.0555,810.36,0.8902,0.014501,0.020325,11.036715
1080,1080,1.98708e-4,1.703125,5.4911,880.93,0.9106,0.015463,0.025931,10.633265
1090,1090,1.9868405e-4,1.874284,6.5162,832.63,0.9092,0.015427,0.024620,11.469705
1100,1100,1.9865984e-4,1.637398,5.1418,888.58,0.8793,0.015019,0.025278,11.146016
1110,1110,1.9863542e-4,1.665580,5.2887,884.15,0.8964,0.015154,0.024290,10.867422
1120,1120,1.986108e-4,1.588114,4.8945,937.66,0.9327,0.014631,0.024224,9.346032
1130,1130,1.9858594e-4,1.513556,4.5429,898.26,0.8930,0.014948,0.023502,9.978006
1140,1140,1.9856085e-4,1.706206,5.5080,845.17,0.9232,0.015834,0.026781,10.131937
1150,1150,1.9853559e-4,1.630684,5.1074,931.49,0.9299,0.014613,0.023195,9.677873
1160,1160,1.9851007e-4,1.579274,4.8514,925.65,0.9246,0.014411,0.023072,9.407570
1170,1170,1.9848434e-4,1.671413,5.3197,902.56,0.9185,0.015123,0.024233,10.158632
1180,1180,1.9845841e-4,1.877333,6.5361,898.07,0.8906,0.015579,0.024379,12.375583
1190,1190,1.9843224e-4,1.708674,5.5216,849.06,0.8879,0.014998,0.022317,11.221883
1200,1200,1.9840585e-4,1.543247,4.6798,892.51,0.8866,0.014687,0.020979,10.455578
1210,1210,1.9837928e-4,1.571754,4.8151,903.77,0.9008,0.014715,0.021842,10.124540
1220,1220,1.9835244e-4,1.730765,5.6450,902.30,0.9166,0.015761,0.024076,10.764208
1230,1230,1.983254e-4,1.635801,5.1336,890.00,0.9165,0.015237,0.025016,10.044710
1240,1240,1.9829816e-4,1.593441,4.9207,864.58,0.9101,0.015382,0.024680,10.024336
1250,1250,1.9827069e-4,1.535710,4.6446,904.86,0.9024,0.015734,0.026286,9.764702
1260,1260,1.9824298e-4,1.588980,4.8988,918.82,0.9131,0.015667,0.023692,9.959284
1270,1270,1.982151e-4,1.336541,3.8059,833.55,0.9096,0.014288,0.021576,8.290143
1280,1280,1.9818696e-4,1.611067,5.0082,939.22,0.9336,0.015843,0.024379,9.454099
1290,1290,1.9815861e-4,1.553442,4.7277,938.31,0.9336,0.015273,0.023464,9.215255
1300,1300,1.9813006e-4,1.483234,4.4072,913.38,0.9044,0.014843,0.021505,9.332253
1310,1310,1.9810128e-4,1.491268,4.4427,930.83,0.9263,0.015067,0.022322,8.806620
1320,1320,1.9807229e-4,1.534295,4.6381,901.27,0.8938,0.015876,0.024268,9.848979
1330,1330,1.9804307e-4,1.460008,4.3060,926.23,0.9230,0.015608,0.022872,8.757715
1340,1340,1.9801364e-4,1.390097,4.0152,917.91,0.9163,0.015375,0.022874,8.473929
1350,1350,1.9798399e-4,1.502451,4.4927,839.07,0.9191,0.016900,0.026277,9.175900
1360,1360,1.9795413e-4,1.663329,5.2768,936.87,0.9291,0.016415,0.024790,9.891665
1370,1370,1.9792406e-4,1.670510,5.3149,927.74,0.9248,0.015648,0.023682,9.921652
1380,1380,1.9789377e-4,1.580559,4.8577,934.52,0.9307,0.015476,0.022995,9.203961
1390,1390,1.9786324e-4,1.592878,4.9179,930.60,0.9250,0.015548,0.023390,9.673194
1400,1400,1.978325e-4,1.585095,4.8798,878.92,0.9212,0.015861,0.023246,9.639084
1410,1410,1.9780156e-4,1.523923,4.5902,916.03,0.9126,0.015805,0.022970,9.471850
1420,1420,1.977704e-4,1.390554,4.0171,833.03,0.9029,0.015609,0.023207,8.751452
1430,1430,1.9773902e-4,1.469885,4.3487,923.04,0.9168,0.016165,0.025884,8.985174
1440,1440,1.9770741e-4,1.567081,4.7926,906.20,0.9002,0.016127,0.027875,9.944933
1450,1450,1.976756e-4,1.658327,5.2505,822.83,0.8856,0.017361,0.028784,10.953577
1460,1460,1.9764359e-4,1.573282,4.8225,824.28,0.9078,0.016688,0.026323,9.846295
1470,1470,1.9761134e-4,1.521522,4.5792,923.80,0.9172,0.016624,0.026383,9.486444
1480,1480,1.9757886e-4,1.520925,4.5765,900.42,0.8967,0.016128,0.024619,9.885530
1490,1490,1.9754618e-4,1.657117,5.2442,831.58,0.9061,0.017056,0.027425,10.508918
1500,1500,1.9751329e-4,1.436804,4.2072,914.61,0.9066,0.016115,0.025287,8.930779
1510,1510,1.9748017e-4,1.598748,4.9468,938.32,0.9765,0.016699,0.026955,9.326784
1520,1520,1.9744685e-4,1.657152,5.2444,885.42,0.9554,0.017035,0.026425,10.833959
1530,1530,1.9741332e-4,1.690448,5.4219,866.58,0.9280,0.016663,0.024139,10.527150
1540,1540,1.9737956e-4,1.744210,5.7214,943.59,0.9401,0.015868,0.024997,10.143770
1550,1550,1.973456e-4,1.588748,4.8976,941.52,0.9389,0.015356,0.023544,9.235412
1560,1560,1.973114e-4,1.577678,4.8437,948.93,0.9469,0.016024,0.024439,9.207363
1570,1570,1.97277e-4,1.580790,4.8588,948.99,0.9405,0.015885,0.028421,9.350282
1580,1580,1.9724236e-4,1.602002,4.9630,941.54,0.9364,0.015964,0.023955,9.747118
1590,1590,1.9720756e-4,1.569682,4.8051,850.43,0.9092,0.016298,0.024728,9.869677
1600,1600,1.9717249e-4,1.693825,5.4403,808.58,0.9403,0.016774,0.029342,9.854208
1610,1610,1.9713724e-4,1.595006,4.9284,917.19,0.9143,0.016606,0.026148,9.718025
1620,1620,1.9710173e-4,1.531783,4.6264,931.22,0.9287,0.015805,0.023792,9.481463
1630,1630,1.9706605e-4,1.544410,4.6852,921.26,0.9186,0.016509,0.024174,9.705157
1640,1640,1.9703014e-4,1.626518,5.0861,900.79,0.9272,0.016455,0.025711,9.775267
1650,1650,1.9699402e-4,1.645809,5.1852,891.56,0.8881,0.016585,0.026819,11.053696
1660,1660,1.9695767e-4,1.620062,5.0534,847.47,0.8961,0.016047,0.023968,10.531021
1670,1670,1.9692112e-4,1.463576,4.3214,900.03,0.8939,0.016044,0.023791,9.280810
1680,1680,1.9688436e-4,1.707602,5.5157,932.18,0.9318,0.016268,0.026284,9.921595
1690,1690,1.9684737e-4,1.581531,4.8624,927.42,0.9251,0.016362,0.026184,9.569278
1700,1700,1.9681017e-4,1.573419,4.8231,925.13,0.9344,0.015918,0.024346,9.225248
1710,1710,1.9677274e-4,1.534831,4.6405,931.14,0.9255,0.016852,0.024779,9.325132
1720,1720,1.9673514e-4,1.462789,4.3180,911.01,0.9050,0.017190,0.026177,9.131124
1730,1730,1.966973e-4,1.563613,4.7760,866.13,0.9082,0.017414,0.025959,9.743343
1740,1740,1.9665924e-4,1.533183,4.6329,908.72,0.9055,0.016383,0.026087,9.858477
1750,1750,1.9662097e-4,1.430643,4.1814,831.65,0.9155,0.016418,0.025586,9.112974
1760,1760,1.9658249e-4,1.406333,4.0810,883.56,0.8806,0.016764,0.025652,9.993834
1770,1770,1.9654378e-4,1.539303,4.6613,836.19,0.8838,0.017291,0.025830,10.650328
1780,1780,1.965049e-4,1.477698,4.3828,872.03,0.9142,0.016982,0.026903,9.636183
1790,1790,1.9646579e-4,1.645033,5.1812,898.25,0.8923,0.017798,0.027029,11.125987
1800,1800,1.9642644e-4,1.592628,4.9167,823.93,0.8936,0.017380,0.029253,10.554043
1810,1810,1.9638689e-4,1.552409,4.7228,855.59,0.9040,0.017131,0.028945,10.035266
1820,1820,1.9634713e-4,1.590631,4.9068,888.47,0.8836,0.017250,0.026504,10.743468
1830,1830,1.9630714e-4,1.570133,4.8073,902.07,0.9164,0.016750,0.025169,9.663297
1840,1840,1.9626698e-4,1.516269,4.5552,900.68,0.8961,0.017110,0.026711,9.977227
1850,1850,1.9622655e-4,1.541783,4.6729,836.02,0.8951,0.017093,0.025533,9.933948
1860,1860,1.9618595e-4,1.564927,4.7823,917.23,0.9194,0.017268,0.027287,9.646739
1870,1870,1.9614512e-4,1.518104,4.5636,887.85,0.8823,0.017169,0.026998,10.366686
1880,1880,1.9610408e-4,1.509063,4.5225,927.72,0.9506,0.017408,0.026980,9.747098
1890,1890,1.9606284e-4,1.463472,4.3209,954.11,0.9482,0.016812,0.025323,8.329129
1900,1900,1.9602137e-4,1.512643,4.5387,914.18,0.9250,0.017412,0.027689,9.239916
1910,1910,1.959797e-4,1.505576,4.5068,914.72,0.9126,0.017313,0.025265,9.414754
1920,1920,1.9593781e-4,1.482946,4.4059,916.66,0.9111,0.016555,0.026030,9.336609
1930,1930,1.958957e-4,1.433125,4.1918,936.01,0.9340,0.016712,0.023026,8.830002
1940,1940,1.9585338e-4,1.535329,4.6429,930.32,0.9296,0.016785,0.025319,9.286028
1950,1950,1.9581089e-4,1.459427,4.3035,842.64,0.8846,0.017541,0.025248,9.985785
1960,1960,1.9576814e-4,1.642355,5.1673,929.53,0.9239,0.017810,0.028387,10.042257
1970,1970,1.9572518e-4,1.517961,4.5629,885.99,0.9409,0.017046,0.026675,8.878835
1980,1980,1.9568202e-4,1.644198,5.1769,907.38,0.9042,0.017964,0.026920,10.629847
1990,1990,1.9563865e-4,1.513033,4.5405,882.31,0.9328,0.017128,0.025392,9.117779
2000,2000,1.9559509e-4,1.473353,4.3638,920.33,0.9144,0.017147,0.025789,9.279799
2010,2010,1.9555129e-4,1.512566,4.5384,938.08,0.9324,0.017218,0.024611,9.093200
2020,2020,1.9550728e-4,1.516948,4.5583,942.30,0.9357,0.016519,0.025462,8.957990
2030,2030,1.9546307e-4,1.521477,4.5790,881.19,0.9278,0.016283,0.023097,9.095911
2040,2040,1.9541866e-4,1.383853,3.9902,897.45,0.8883,0.016573,0.023735,9.388639
2050,2050,1.9537401e-4,1.432407,4.1888,870.20,0.9139,0.016982,0.027668,9.177324
2060,2060,1.9532916e-4,1.452569,4.2741,850.51,0.9171,0.017971,0.032149,9.428245
2070,2070,1.9528411e-4,1.522760,4.5849,920.22,0.9179,0.017094,0.024805,9.577538
2080,2080,1.9523886e-4,1.479223,4.3895,908.21,0.9052,0.017622,0.025136,10.019646
2090,2090,1.9519337e-4,1.489128,4.4332,883.50,0.8792,0.018059,0.026693,10.326381
2100,2100,1.9514767e-4,1.434085,4.1958,828.42,0.8840,0.017585,0.023557,9.611506
2110,2110,1.9510178e-4,1.726109,5.6187,907.42,0.9027,0.018800,0.027059,11.031896
2120,2120,1.9505568e-4,1.453260,4.2770,835.42,0.8948,0.017515,0.025335,9.401242
2130,2130,1.9500934e-4,1.522122,4.5819,889.91,0.9287,0.017711,0.027814,9.093524
2140,2140,1.9496283e-4,1.537090,4.6510,954.80,0.9518,0.017138,0.026966,8.690057
2150,2150,1.949161e-4,1.509670,4.5252,832.16,0.8957,0.017608,0.026590,9.449830
2160,2160,1.9486915e-4,1.565335,4.7843,875.53,0.9214,0.017631,0.028196,9.348771
2170,2170,1.9482197e-4,1.603106,4.9684,837.01,0.8885,0.017841,0.026253,10.683368
2180,2180,1.9477462e-4,1.564136,4.7785,910.63,0.9073,0.017632,0.025499,10.207491
2190,2190,1.9472706e-4,1.446282,4.2473,883.86,0.9029,0.017554,0.025621,9.116761
2200,2200,1.9467928e-4,1.496612,4.4665,817.50,0.8945,0.017875,0.027343,10.460319
2210,2210,1.9463128e-4,1.558740,4.7528,908.97,0.9010,0.018711,0.027888,10.038421
2220,2220,1.9458309e-4,1.427223,4.1671,859.03,0.9022,0.017621,0.025699,9.285845
2230,2230,1.9453466e-4,1.508509,4.5200,869.22,0.8857,0.017753,0.027715,10.090146
2240,2240,1.9448606e-4,1.511416,4.5331,851.43,0.9065,0.017988,0.027208,9.628242
2250,2250,1.9443722e-4,1.359520,3.8943,925.57,0.9230,0.017193,0.025836,8.188454
2260,2260,1.9438818e-4,1.332881,3.7920,919.63,0.9155,0.017935,0.026485,8.297417
2270,2270,1.9433894e-4,1.397778,4.0462,870.95,0.8674,0.018013,0.027621,9.613508
2280,2280,1.9428949e-4,1.368781,3.9306,926.69,0.9225,0.018169,0.026838,8.265131
2290,2290,1.9423984e-4,1.386910,4.0025,891.92,0.9453,0.018141,0.028901,8.148119
2300,2300,1.9418995e-4,1.496902,4.4678,881.37,0.9165,0.018025,0.026904,9.338064
2310,2310,1.941399e-4,1.508136,4.5183,887.96,0.8826,0.018361,0.026110,10.140878
2320,2320,1.940896e-4,1.383536,3.9890,927.28,0.9190,0.017803,0.029848,8.472339
2330,2330,1.9403911e-4,1.400364,4.0567,920.71,0.9150,0.018828,0.028117,8.785992
2340,2340,1.9398841e-4,1.397575,4.0454,913.18,0.9068,0.018993,0.030416,8.870410
2350,2350,1.939375e-4,1.492126,4.4465,844.30,0.9231,0.018678,0.028751,9.304457
2360,2360,1.938864e-4,1.409992,4.0959,910.84,0.9040,0.018305,0.028275,9.126505
2370,2370,1.9383509e-4,1.366666,3.9223,824.73,0.9250,0.018666,0.028622,8.553321
2380,2380,1.9378358e-4,1.625679,5.0819,888.40,0.9325,0.019104,0.029618,9.811407
2390,2390,1.9373183e-4,1.467486,4.3383,896.52,0.9294,0.018146,0.027880,9.311468
2400,2400,1.9367988e-4,1.432894,4.1908,904.21,0.8977,0.019067,0.027557,9.426551
2410,2410,1.9362773e-4,1.271858,3.5675,895.85,0.8892,0.018123,0.026267,8.657022
2420,2420,1.9357537e-4,1.314206,3.7218,894.08,0.8885,0.018625,0.028371,8.721211
2430,2430,1.9352284e-4,1.457570,4.2955,871.42,0.9089,0.018569,0.025766,9.172925
2440,2440,1.9347007e-4,1.528921,4.6132,862.63,0.8880,0.020020,0.028561,10.210893
2450,2450,1.934171e-4,1.456796,4.2922,884.10,0.9117,0.018407,0.027790,9.154249
2460,2460,1.9336393e-4,1.403197,4.0682,906.61,0.9026,0.018374,0.027315,9.002405
2470,2470,1.9331055e-4,1.429067,4.1748,851.47,0.9088,0.019073,0.027599,9.158800
2480,2480,1.9325694e-4,1.585929,4.8838,900.70,0.8949,0.019112,0.028384,10.437657
2490,2490,1.9320316e-4,1.569007,4.8019,911.07,0.9063,0.018344,0.026106,9.938143
2500,2500,1.9314917e-4,1.634229,5.1255,937.94,0.9431,0.018644,0.029671,9.714386
2510,2510,1.9309495e-4,1.541329,4.6708,916.87,0.9480,0.018420,0.029041,9.252939
2520,2520,1.9304056e-4,1.353861,3.8723,840.47,0.9004,0.018431,0.028461,8.688552
2530,2530,1.9298593e-4,1.306510,3.6933,937.36,0.9294,0.017571,0.025217,7.816154
2540,2540,1.9293113e-4,1.261037,3.5291,915.59,0.9059,0.017926,0.026226,7.901713
2550,2550,1.9287609e-4,1.332795,3.7916,905.92,0.8989,0.018970,0.029869,8.590731
2560,2560,1.9282088e-4,1.387769,4.0059,928.44,0.9261,0.018015,0.024982,8.411485
2570,2570,1.9276544e-4,1.479913,4.3926,951.03,0.9484,0.018658,0.029444,8.466707
2580,2580,1.9270979e-4,1.502947,4.4949,936.21,0.9281,0.019002,0.029537,9.044222
2590,2590,1.9265397e-4,1.416963,4.1246,935.48,0.9302,0.018501,0.025670,8.387729
2600,2600,1.9259792e-4,1.442174,4.2299,942.75,0.9405,0.018251,0.027031,8.586125
2610,2610,1.9254166e-4,1.379795,3.9741,912.55,0.9041,0.018761,0.029424,8.765513
2620,2620,1.9248523e-4,1.445973,4.2460,914.13,0.9035,0.019589,0.031362,9.331237
2630,2630,1.9242856e-4,1.225693,3.4065,910.09,0.9043,0.018232,0.024803,7.915461
2640,2640,1.9237172e-4,1.336895,3.8072,847.31,0.9108,0.018815,0.025800,8.388885
2650,2650,1.9231465e-4,1.492957,4.4502,932.55,0.9293,0.019168,0.030838,9.014986
2660,2660,1.922574e-4,1.561837,4.7676,940.61,0.9337,0.018953,0.029210,9.211278
2670,2670,1.9219992e-4,1.576386,4.8374,887.17,0.9097,0.019355,0.029445,9.876230
2680,2680,1.9214224e-4,1.619402,5.0501,916.25,0.9113,0.019284,0.028977,10.432413
2690,2690,1.9208438e-4,1.337370,3.8090,890.31,0.8875,0.017975,0.024646,8.940242
2700,2700,1.9202629e-4,1.349794,3.8566,895.24,0.8893,0.019023,0.027493,8.969388
2710,2710,1.9196802e-4,1.459692,4.3046,847.58,0.9301,0.020064,0.028090,8.984774
2720,2720,1.9190952e-4,1.448805,4.2580,937.91,0.9350,0.018979,0.027067,8.542677
2730,2730,1.9185085e-4,1.446088,4.2465,895.11,0.9129,0.019051,0.027996,8.978630
2740,2740,1.9179197e-4,1.360396,3.8977,840.11,0.8880,0.019237,0.025676,9.196829
2750,2750,1.9173289e-4,1.538342,4.6569,825.08,0.8998,0.019982,0.032287,9.944975
2760,2760,1.9167361e-4,1.494221,4.4559,881.89,0.8756,0.020595,0.028700,10.353215
2770,2770,1.9161412e-4,1.426338,4.1634,839.74,0.8892,0.019898,0.027792,9.656118
2780,2780,1.915544e-4,1.572873,4.8205,921.51,0.9138,0.019449,0.030297,9.904658
2790,2790,1.9149453e-4,1.424964,4.1577,925.97,0.9269,0.018889,0.026685,8.898397
2800,2800,1.9143443e-4,1.388438,4.0086,970.61,0.9657,0.019139,0.029286,8.151932
2810,2810,1.9137416e-4,1.443066,4.2337,875.76,0.9410,0.019745,0.027754,9.054640
2820,2820,1.9131365e-4,1.396084,4.0394,912.46,0.9680,0.019939,0.032057,8.369779
2830,2830,1.9125294e-4,1.403756,4.0705,942.90,0.9648,0.018939,0.029197,8.207701
2840,2840,1.9119206e-4,1.408668,4.0905,943.36,0.9386,0.019464,0.029762,9.142917
2850,2850,1.9113097e-4,1.310878,3.7094,920.34,0.9129,0.019014,0.027473,8.760286
2860,2860,1.9106967e-4,1.321237,3.7481,842.85,0.9264,0.018471,0.024932,8.938511
2870,2870,1.9100818e-4,1.284886,3.6143,930.27,0.9218,0.018848,0.028044,8.356804
2880,2880,1.9094648e-4,1.405610,4.0780,927.15,0.9184,0.019123,0.028233,9.228282
2890,2890,1.9088457e-4,1.292595,3.6422,919.86,0.9586,0.018573,0.027866,7.721620
2900,2900,1.908225e-4,1.357727,3.8873,963.46,0.9582,0.018510,0.025489,7.965144
2910,2910,1.9076018e-4,1.361593,3.9024,975.05,0.9718,0.018592,0.027469,7.733204
2920,2920,1.906977e-4,1.353817,3.8722,870.71,0.9364,0.019043,0.027997,8.511806
2930,2930,1.9063501e-4,1.272666,3.5704,970.87,0.9662,0.018865,0.027459,7.754900
2940,2940,1.9057211e-4,1.325351,3.7635,937.24,0.9341,0.019473,0.027894,8.679321
2950,2950,1.9050902e-4,1.526526,4.6022,932.85,0.9428,0.019844,0.027829,9.726905
2960,2960,1.9044575e-4,1.391954,4.0227,908.41,0.9051,0.019989,0.030096,9.592855
2970,2970,1.9038224e-4,1.475982,4.3753,863.11,0.9483,0.021059,0.029943,9.444703
2980,2980,1.9031856e-4,1.301989,3.6766,876.99,0.9394,0.018723,0.025622,8.074076
2990,2990,1.9025468e-4,1.273406,3.5730,917.36,0.9118,0.019037,0.026626,8.414468
3000,3000,1.9019059e-4,1.230207,3.4219,938.54,0.9354,0.018679,0.025510,7.993561
3010,3010,1.901263e-4,1.336160,3.8044,923.89,0.9158,0.019670,0.027000,8.797699
3020,3020,1.9006184e-4,1.261656,3.5313,849.20,0.8959,0.019267,0.027431,8.706025
3030,3030,1.8999717e-4,1.425130,4.1584,929.07,0.9237,0.020307,0.030988,9.113256
3040,3040,1.8993227e-4,1.338314,3.8126,917.02,0.9120,0.019361,0.026305,8.849780
3050,3050,1.8986722e-4,1.306236,3.6923,936.76,0.9268,0.019325,0.027577,8.233791
3060,3060,1.8980194e-4,1.264511,3.5414,953.43,0.9479,0.019069,0.026576,7.453827
3070,3070,1.8973649e-4,1.263193,3.5367,907.21,0.9037,0.019805,0.027447,8.414587
3080,3080,1.8967083e-4,1.298399,3.6634,822.37,0.9028,0.019974,0.026793,8.957141
3090,3090,1.8960497e-4,1.374638,3.9536,955.15,0.9518,0.019339,0.027558,8.282702
3100,3100,1.8953893e-4,1.377348,3.9644,981.69,0.9912,0.019638,0.029725,8.275933
3110,3110,1.8947266e-4,1.238486,3.4504,941.44,0.9380,0.019094,0.027084,7.861779
3120,3120,1.8940622e-4,1.310047,3.7063,901.17,0.9267,0.020059,0.027797,8.280820
3130,3130,1.8933957e-4,1.495699,4.4625,918.43,0.9174,0.020103,0.028697,9.825435
3140,3140,1.8927275e-4,1.412795,4.1074,936.09,0.9330,0.019728,0.026833,8.862663
3150,3150,1.8920569e-4,1.421181,4.1420,832.82,0.9103,0.020220,0.028121,9.106859
3160,3160,1.8913846e-4,1.371863,3.9427,904.21,0.9534,0.019734,0.029272,8.156061
3170,3170,1.8907106e-4,1.342355,3.8280,948.40,0.9414,0.019140,0.028315,8.097037
3180,3180,1.8900342e-4,1.398395,4.0487,961.66,0.9572,0.019823,0.031573,8.159071
3190,3190,1.889356e-4,1.372350,3.9446,955.84,0.9490,0.019377,0.027652,8.423819
3200,3200,1.8886759e-4,1.279855,3.5961,949.42,0.9450,0.018687,0.028848,7.665376
3210,3210,1.887994e-4,1.295565,3.6531,888.23,0.9379,0.019712,0.029606,7.985135
3220,3220,1.88731e-4,1.359482,3.8942,899.04,0.8961,0.020426,0.033058,9.448259
3230,3230,1.8866241e-4,1.388944,4.0106,887.21,0.9221,0.020531,0.031364,8.793656
3240,3240,1.885936e-4,1.511718,4.5345,890.47,0.9305,0.020807,0.029385,9.448580
3250,3250,1.8852463e-4,1.429687,4.1774,957.37,0.9536,0.020014,0.029879,8.463494
3260,3260,1.8845548e-4,1.440118,4.2212,969.62,0.9621,0.020380,0.031321,8.430960
3270,3270,1.883861e-4,1.324665,3.7609,884.74,0.9334,0.019706,0.027731,8.303843
3280,3280,1.8831654e-4,1.372918,3.9469,924.25,0.9174,0.020895,0.030360,8.955488
3290,3290,1.8824678e-4,1.325088,3.7625,917.72,0.9117,0.020548,0.028655,8.644748
3300,3300,1.8817684e-4,1.294608,3.6496,936.55,0.9313,0.019656,0.029168,8.431684
3310,3310,1.881067e-4,1.339471,3.8170,926.18,0.9381,0.019621,0.027996,8.418174
3320,3320,1.8803636e-4,1.260906,3.5286,918.42,0.9141,0.019458,0.027777,8.542055
3330,3330,1.8796584e-4,1.404469,4.0734,851.65,0.9323,0.020042,0.029087,8.986093
3340,3340,1.8789512e-4,1.347614,3.8482,930.47,0.9261,0.019612,0.030156,8.620908
3350,3350,1.8782422e-4,1.336279,3.8049,878.22,0.9647,0.019389,0.029292,8.462041
3360,3360,1.8775312e-4,1.488306,4.4296,910.78,0.9317,0.021244,0.032667,9.534536
3370,3370,1.8768181e-4,1.339346,3.8165,841.51,0.9236,0.019394,0.027844,8.314433
3380,3380,1.8761033e-4,1.325309,3.7633,928.51,0.9245,0.019209,0.027566,8.252106
3390,3390,1.8753865e-4,1.578855,4.8494,862.64,0.9281,0.020907,0.029458,9.921626
3400,3400,1.874668e-4,1.307639,3.6974,946.56,0.9414,0.019352,0.027756,8.045494
3410,3410,1.8739473e-4,1.338578,3.8136,952.99,0.9541,0.019805,0.027767,8.020553
3420,3420,1.8732247e-4,1.468067,4.3408,930.21,0.9478,0.020625,0.030227,9.054555
3430,3430,1.8725003e-4,1.554410,4.7323,949.66,0.9452,0.019963,0.029665,9.466237
3440,3440,1.8717741e-4,1.466642,4.3347,873.41,0.9574,0.019252,0.028139,8.625635
3450,3450,1.871046e-4,1.538075,4.6556,945.80,0.9405,0.020321,0.032520,9.302359
3460,3460,1.8703158e-4,1.402487,4.0653,854.01,0.9514,0.019889,0.029098,8.441392
3470,3470,1.8695835e-4,1.339620,3.8176,949.05,0.9413,0.020430,0.030707,8.787539
3480,3480,1.8688498e-4,1.391012,4.0189,927.07,0.9201,0.020949,0.031524,9.047971
3490,3490,1.8681138e-4,1.238775,3.4514,925.88,0.9192,0.020382,0.028873,8.116037
3500,3500,1.8673763e-4,1.412415,4.1059,919.96,0.9139,0.020996,0.031399,9.407284
3510,3510,1.8666364e-4,1.292575,3.6422,936.08,0.9375,0.021065,0.032554,8.247319
3520,3520,1.8658952e-4,1.378846,3.9703,867.70,0.9321,0.020090,0.032629,8.520759
3530,3530,1.8651516e-4,1.346573,3.8442,862.37,0.9260,0.020741,0.029911,8.563730
3540,3540,1.8644065e-4,1.272657,3.5703,916.95,0.9111,0.020119,0.028688,8.368484
3550,3550,1.8636591e-4,1.231150,3.4252,863.10,0.9231,0.020218,0.028860,7.872646
3560,3560,1.8629103e-4,1.360216,3.8970,905.18,0.8969,0.021520,0.030536,9.218946
3570,3570,1.8621591e-4,1.312038,3.7137,907.62,0.8997,0.019482,0.026790,8.731155
3580,3580,1.8614065e-4,1.267857,3.5532,903.25,0.9373,0.020248,0.029682,7.760592
3590,3590,1.8606518e-4,1.362572,3.9062,963.08,0.9586,0.020414,0.030399,8.152844
3600,3600,1.8598951e-4,1.366189,3.9204,982.44,0.9875,0.019573,0.029532,8.066323
3610,3610,1.8591367e-4,1.411246,4.1011,936.57,0.9351,0.020400,0.029318,9.113651
3620,3620,1.8583765e-4,1.246755,3.4790,920.46,0.9569,0.020262,0.028334,7.829030
3630,3630,1.8576143e-4,1.316255,3.7294,956.32,0.9539,0.020548,0.030344,8.234278
3640,3640,1.85685e-4,1.357606,3.8869,946.00,0.9429,0.020773,0.030226,8.762303
3650,3650,1.8560843e-4,1.268533,3.5556,965.27,0.9619,0.019243,0.029262,7.700232
3660,3660,1.8553165e-4,1.217160,3.3776,913.95,0.9761,0.019178,0.026418,7.186159
3670,3670,1.8545467e-4,1.538284,4.6566,952.70,0.9481,0.021591,0.030783,9.619889
3680,3680,1.8537752e-4,1.435615,4.2022,928.79,0.9250,0.020573,0.029104,9.304938
3690,3690,1.8530019e-4,1.330806,3.7841,928.97,0.9212,0.019736,0.027982,8.645281
3700,3700,1.8522266e-4,1.366240,3.9206,939.20,0.9568,0.019822,0.028897,8.471609
3710,3710,1.8514495e-4,1.333182,3.7931,888.94,0.9419,0.020589,0.028112,8.525400
3720,3720,1.8506707e-4,1.580217,4.8560,997.61,0.9906,0.020927,0.029484,8.854634
3730,3730,1.8498898e-4,1.554265,4.7316,998.94,0.9929,0.021079,0.032611,9.136653
3740,3740,1.8491072e-4,1.417983,4.1288,886.78,0.9571,0.020553,0.029163,8.545242
3750,3750,1.8483226e-4,1.319718,3.7424,911.36,0.9039,0.020614,0.027142,9.007650
3760,3760,1.8475365e-4,1.360077,3.8965,948.21,0.9510,0.019762,0.028462,8.371741
3770,3770,1.846748e-4,1.372577,3.9455,915.90,0.9613,0.020567,0.030087,8.608274
3780,3780,1.8459582e-4,1.320694,3.7460,894.01,0.9434,0.020849,0.029586,8.247689
3790,3790,1.8451663e-4,1.322407,3.7524,949.06,0.9424,0.020481,0.028477,8.138694
3800,3800,1.8443726e-4,1.310404,3.7077,951.55,0.9471,0.020346,0.026758,8.048536
3810,3810,1.8435769e-4,1.189943,3.2869,1000.19,0.9959,0.020129,0.026865,7.227803
3820,3820,1.8427797e-4,1.294806,3.6503,956.55,1.0163,0.020707,0.029518,8.040136
3830,3830,1.8419803e-4,1.311311,3.7110,960.19,0.9494,0.021308,0.030634,8.991446
3840,3840,1.8411793e-4,1.164635,3.2048,948.39,0.9394,0.020122,0.026771,7.559453
3850,3850,1.8403766e-4,1.203962,3.3333,928.72,0.9433,0.020305,0.026634,7.905065
3860,3860,1.8395716e-4,1.370634,3.9378,952.99,1.0044,0.022508,0.035048,8.175901
3870,3870,1.8387652e-4,1.292995,3.6437,1041.81,1.0374,0.021014,0.030994,7.661523
3880,3880,1.837957e-4,1.254354,3.5056,1019.80,1.0141,0.020771,0.029338,7.834620
3890,3890,1.8371467e-4,1.229535,3.4196,1037.20,1.0348,0.020730,0.031121,7.408137
3900,3900,1.8363347e-4,1.382609,3.9853,1041.27,1.0805,0.020768,0.029454,7.829128
3910,3910,1.835521e-4,1.309654,3.7049,1110.66,1.1029,0.020493,0.029855,8.017789
3920,3920,1.8347055e-4,1.313694,3.7199,1007.81,1.0737,0.021150,0.027630,8.479746
3930,3930,1.833888e-4,1.370713,3.9382,1025.02,1.0577,0.021032,0.029399,8.971216
3940,3940,1.8330687e-4,1.339438,3.8169,871.64,0.9409,0.021437,0.030784,8.844281
3950,3950,1.8322477e-4,1.371865,3.9427,948.35,0.9460,0.021693,0.030125,8.707666
3960,3960,1.8314246e-4,1.328873,3.7768,902.20,0.9302,0.021724,0.030776,8.691370
3970,3970,1.8306001e-4,1.375984,3.9590,965.99,0.9613,0.020609,0.027818,8.369645
3980,3980,1.8297735e-4,1.209347,3.3513,968.14,0.9623,0.020183,0.027579,7.299078
3990,3990,1.8289452e-4,1.263506,3.5378,967.36,0.9591,0.020519,0.029591,7.677961
4000,4000,1.8281152e-4,1.329752,3.7801,844.86,0.9408,0.021498,0.031472,8.457049
4010,4010,1.8272834e-4,1.526740,4.6031,958.73,0.9533,0.021688,0.029600,9.151851
4020,4020,1.8264496e-4,1.312446,3.7153,883.62,0.9545,0.021548,0.029036,7.975040
4030,4030,1.8256143e-4,1.235040,3.4385,916.32,0.9571,0.020954,0.031897,7.335553
4040,4040,1.824777e-4,1.466419,4.3337,954.23,0.9489,0.021331,0.030908,8.809951
4050,4050,1.8239382e-4,1.335473,3.8018,934.80,0.9299,0.020550,0.030062,8.429632
4060,4060,1.8230974e-4,1.459818,4.3052,964.04,0.9644,0.021282,0.031852,8.609865
4070,4070,1.8222549e-4,1.539199,4.6609,950.76,0.9450,0.022298,0.033872,9.427433
4080,4080,1.8214103e-4,1.408501,4.0898,964.08,0.9628,0.020731,0.030100,8.244883
4090,4090,1.8205642e-4,1.437768,4.2113,828.26,0.9038,0.022109,0.030358,10.427058
4100,4100,1.8197161e-4,1.329253,3.7782,903.61,0.8954,0.020958,0.028228,9.200162
4110,4110,1.8188666e-4,1.509613,4.5250,829.71,0.9008,0.022690,0.030630,9.590795
4120,4120,1.818015e-4,1.349979,3.8573,898.25,0.8925,0.021043,0.029306,9.463722
4130,4130,1.8171617e-4,1.400950,4.0591,943.23,0.9613,0.021235,0.031005,8.298089
4140,4140,1.8163066e-4,1.314868,3.7243,973.16,0.9671,0.020380,0.030097,7.696673
4150,4150,1.8154498e-4,1.272235,3.5688,978.80,0.9739,0.020379,0.028981,7.392542
4160,4160,1.8145912e-4,1.304671,3.6865,990.06,0.9868,0.020566,0.032490,7.264063
4170,4170,1.8137312e-4,1.246692,3.4788,989.21,0.9855,0.020120,0.029352,6.967818
4180,4180,1.8128689e-4,1.296095,3.6550,920.89,0.9477,0.021041,0.028042,8.001027
4190,4190,1.812005e-4,1.295895,3.6543,915.75,0.9108,0.021426,0.027370,8.633858
4200,4200,1.8111395e-4,1.331593,3.7871,885.65,0.9471,0.020369,0.027395,8.185218
4210,4210,1.8102722e-4,1.353579,3.8713,859.58,0.9228,0.021493,0.029630,8.864211
4220,4220,1.8094032e-4,1.347650,3.8484,898.47,0.8938,0.021598,0.029322,9.496701
4230,4230,1.8085321e-4,1.281091,3.6006,849.09,0.9158,0.020752,0.028838,8.335768
4240,4240,1.8076596e-4,1.264624,3.5418,875.83,0.9327,0.021185,0.028810,7.977464
4250,4250,1.8067853e-4,1.216386,3.3750,936.23,0.9302,0.021094,0.029572,7.728953
4260,4260,1.8059093e-4,1.215731,3.3728,945.03,0.9390,0.020606,0.028756,7.621754
4270,4270,1.8050312e-4,1.149679,3.1572,944.73,0.9349,0.020034,0.026239,7.228397
4280,4280,1.8041517e-4,1.185629,3.2727,940.69,0.9348,0.020571,0.027862,7.354630
4290,4290,1.8032704e-4,1.351914,3.8648,785.60,0.9374,0.022430,0.031093,8.713334
4300,4300,1.8023874e-4,1.431869,4.1865,988.86,0.9793,0.021712,0.032021,8.116462
4310,4310,1.8015027e-4,1.323934,3.7582,895.75,0.9539,0.020549,0.029378,7.905797
4320,4320,1.8006162e-4,1.186571,3.2758,934.13,0.9298,0.021313,0.030158,7.551065
4330,4330,1.7997279e-4,1.210013,3.3535,917.72,0.9145,0.021872,0.030806,8.030390
4340,4340,1.7988379e-4,1.259966,3.5253,952.75,0.9472,0.021654,0.031584,7.521929
4350,4350,1.7979462e-4,1.271942,3.5678,916.62,0.9729,0.021127,0.030035,7.197452
4360,4360,1.7970527e-4,1.217083,3.3773,953.65,0.9499,0.020681,0.032006,7.331580
4370,4370,1.7961577e-4,1.169354,3.2199,939.92,0.9310,0.021185,0.031293,7.284742
4380,4380,1.7952608e-4,1.228126,3.4148,930.16,0.9215,0.020593,0.027768,7.954591
4390,4390,1.794362e-4,1.346958,3.8457,838.45,0.9218,0.021346,0.029271,8.514187
4400,4400,1.7934619e-4,1.283807,3.6104,887.93,0.9214,0.022142,0.034971,8.225317
4410,4410,1.7925599e-4,1.280997,3.6002,902.79,0.9381,0.021407,0.032427,7.932139
4420,4420,1.7916563e-4,1.254130,3.5048,972.39,0.9624,0.020437,0.028897,7.409884
4430,4430,1.7907508e-4,1.144109,3.1396,956.05,0.9516,0.020435,0.028165,6.844695
4440,4440,1.7898437e-4,1.290285,3.6338,880.04,0.9167,0.023389,0.033484,8.567823
4450,4450,1.7889348e-4,1.253513,3.5026,942.81,0.9493,0.021885,0.029945,7.687274
4460,4460,1.7880244e-4,1.170733,3.2244,947.98,0.9441,0.020646,0.029323,7.107600
4470,4470,1.7871123e-4,1.108250,3.0291,963.59,0.9570,0.020401,0.027432,6.596854
4480,4480,1.7861981e-4,1.164529,3.2044,956.35,0.9513,0.021291,0.029433,7.050671
4490,4490,1.7852825e-4,1.154581,3.1727,940.45,0.9314,0.021227,0.030231,7.229987
4500,4500,1.7843654e-4,1.398388,4.0487,898.64,0.9827,0.022049,0.031603,7.760119
4510,4510,1.7834464e-4,1.667914,5.3011,895.17,0.9760,0.023652,0.034790,9.781428
4520,4520,1.7825258e-4,1.327926,3.7732,968.48,0.9666,0.021535,0.031771,7.692870
4530,4530,1.7816035e-4,1.252683,3.4997,951.96,0.9471,0.022219,0.028750,7.629743
4540,4540,1.7806794e-4,1.303566,3.6824,939.85,0.9698,0.021737,0.031139,7.611668
4550,4550,1.7797537e-4,1.236481,3.4435,945.74,0.9437,0.021363,0.029103,7.572000
4560,4560,1.7788261e-4,1.274484,3.5769,866.85,0.9457,0.021750,0.032775,7.851650
4570,4570,1.7778971e-4,1.265961,3.5465,945.20,0.9401,0.021608,0.030040,7.878194
4580,4580,1.7769664e-4,1.262079,3.5328,936.15,0.9314,0.022122,0.032385,8.022319
4590,4590,1.7760342e-4,1.285749,3.6174,916.80,0.9209,0.022679,0.032080,8.300408
4600,4600,1.7751e-4,1.245753,3.4756,899.88,0.8957,0.021656,0.030310,8.620018
4610,4610,1.7741643e-4,1.378426,3.9686,909.11,0.9172,0.021722,0.029383,8.880699
4620,4620,1.7732268e-4,1.293268,3.6447,955.16,0.9505,0.021323,0.031433,7.684747
4630,4630,1.7722877e-4,1.222319,3.3951,949.06,0.9459,0.020946,0.029757,7.391156
4640,4640,1.771347e-4,1.209847,3.3530,942.99,0.9342,0.020748,0.029104,7.336970
4650,4650,1.7704046e-4,1.448767,4.2579,886.31,0.9504,0.021956,0.034413,8.515168
4660,4660,1.7694605e-4,1.322440,3.7526,931.54,0.9684,0.021719,0.032382,7.491389
4670,4670,1.7685149e-4,1.266500,3.5484,851.22,0.9183,0.023507,0.036325,8.217511
4680,4680,1.7675676e-4,1.340346,3.8204,893.07,0.8915,0.021629,0.030618,9.312549
4690,4690,1.7666185e-4,1.305635,3.6900,938.02,0.9391,0.021738,0.032763,7.992118
4700,4700,1.765668e-4,1.153243,3.1685,934.35,0.9300,0.021345,0.029756,7.182168
4710,4710,1.7647157e-4,1.152186,3.1651,848.61,0.9250,0.020792,0.029392,7.383509
4720,4720,1.7637617e-4,1.209221,3.3509,948.94,0.9484,0.021462,0.029851,7.223745
4730,4730,1.7628062e-4,1.290596,3.6350,943.16,0.9631,0.021597,0.029489,7.387071
4740,4740,1.761849e-4,1.228106,3.4148,966.13,0.9599,0.021489,0.029195,7.064540
4750,4750,1.7608903e-4,1.248524,3.4852,947.49,0.9460,0.022274,0.034132,7.566959
4760,4760,1.7599299e-4,1.226152,3.4081,930.26,0.9238,0.021605,0.031302,7.826217
4770,4770,1.7589677e-4,1.281763,3.6030,896.31,0.9389,0.021569,0.030726,7.863660
4780,4780,1.7580041e-4,1.217889,3.3800,934.35,0.9289,0.021523,0.026761,7.667176
4790,4790,1.7570387e-4,1.237284,3.4462,830.86,0.9030,0.021825,0.027721,8.129435
4800,4800,1.7560719e-4,1.266323,3.5478,842.72,0.8884,0.022499,0.032060,8.793745
4810,4810,1.7551033e-4,1.183310,3.2652,907.09,0.9011,0.022122,0.032477,8.041177
4820,4820,1.754133e-4,1.388292,4.0080,827.19,0.9126,0.022755,0.033010,8.681388
4830,4830,1.7531612e-4,1.498046,4.4729,912.70,0.9543,0.022084,0.031278,8.696577
4840,4840,1.752188e-4,1.615614,5.0310,957.09,0.9528,0.021973,0.031140,9.590637
4850,4850,1.7512127e-4,1.547222,4.6984,982.21,0.9826,0.021871,0.031411,8.483637
4860,4860,1.7502363e-4,1.555415,4.7371,852.78,0.9306,0.022938,0.031513,9.661025
4870,4870,1.7492578e-4,1.315753,3.7276,910.60,0.9364,0.021602,0.029180,8.276486
4880,4880,1.7482782e-4,1.245694,3.4753,930.44,0.9254,0.020745,0.026453,7.799757
4890,4890,1.7472968e-4,1.249817,3.4897,944.29,0.9384,0.020926,0.029503,7.642406
4900,4900,1.7463136e-4,1.286188,3.6190,902.31,0.9322,0.021369,0.031115,7.998681
4910,4910,1.745329e-4,1.282194,3.6045,944.66,0.9382,0.022269,0.032275,7.877697
4920,4920,1.7443427e-4,1.246161,3.4770,916.37,0.9125,0.021617,0.029073,8.212923
4930,4930,1.7433552e-4,1.129289,3.0935,925.60,0.9209,0.021141,0.027376,7.288929
4940,4940,1.7423657e-4,1.154069,3.1711,856.50,0.9165,0.021541,0.029167,7.448947
4950,4950,1.7413747e-4,1.179608,3.2531,952.30,0.9503,0.021895,0.030408,6.979803
4960,4960,1.7403823e-4,1.281704,3.6028,915.38,0.9514,0.021744,0.032480,7.590799
4970,4970,1.7393881e-4,1.241869,3.4621,956.12,0.9589,0.022000,0.032271,7.250181
4980,4980,1.7383922e-4,1.242589,3.4646,945.36,0.9384,0.021785,0.030245,7.607978
4990,4990,1.737395e-4,1.410568,4.0983,844.66,0.9312,0.024456,0.037339,9.353600
5000,5000,1.7363962e-4,1.261894,3.5321,923.49,0.9374,0.022015,0.030020,7.727943
5010,5010,1.7353956e-4,1.151450,3.1628,952.55,0.9455,0.021424,0.029270,6.968791
5020,5020,1.7343936e-4,1.139467,3.1251,876.45,0.9186,0.021356,0.029838,7.315647
5030,5030,1.7333901e-4,1.286767,3.6211,884.83,0.9320,0.022561,0.032616,7.953628
5040,5040,1.7323848e-4,1.273413,3.5730,930.28,0.9268,0.022271,0.031974,7.967237
5050,5050,1.7313781e-4,1.237009,3.4453,874.34,0.9253,0.021813,0.030475,7.923131
5060,5060,1.73037e-4,1.220841,3.3900,948.10,0.9571,0.022365,0.031886,7.125459
5070,5070,1.7293601e-4,1.164863,3.2055,922.82,0.9151,0.022727,0.033858,7.569346
5080,5080,1.728349e-4,1.245586,3.4750,883.30,0.9200,0.023124,0.032751,8.055174
5090,5090,1.7273359e-4,1.146439,3.1470,878.07,0.9082,0.022056,0.027988,7.690042
5100,5100,1.7263216e-4,1.302074,3.6769,944.43,0.9415,0.022865,0.033975,7.826234
5110,5110,1.7253056e-4,1.372744,3.9462,958.13,0.9568,0.023114,0.033585,8.066403
5120,5120,1.7242879e-4,1.483833,4.4098,913.21,0.9229,0.024057,0.036047,9.557188
5130,5130,1.723269e-4,1.451123,4.2679,909.14,0.9273,0.023114,0.034504,9.147592
5140,5140,1.7222483e-4,1.537865,4.6546,923.58,0.9216,0.023832,0.035110,9.948609
5150,5150,1.7212261e-4,1.264105,3.5399,848.97,0.8972,0.021544,0.030390,8.670944
5160,5160,1.7202026e-4,1.260466,3.5271,907.11,0.9004,0.021630,0.028865,8.444990
5170,5170,1.7191772e-4,1.283199,3.6082,895.62,0.8866,0.023092,0.032150,8.969747
5180,5180,1.7181505e-4,1.321175,3.7478,877.08,0.9210,0.022479,0.032283,8.505819
5190,5190,1.7171222e-4,1.141261,3.1307,928.49,0.9274,0.021092,0.028237,7.147965
5200,5200,1.7160925e-4,1.244753,3.4721,869.21,0.9239,0.022387,0.032848,7.849645
5210,5210,1.7150611e-4,1.387663,4.0055,958.39,0.9500,0.022507,0.032934,8.265955
5220,5220,1.7140282e-4,1.291801,3.6393,865.22,0.9486,0.022479,0.033265,7.587130
5230,5230,1.7129938e-4,1.361632,3.9026,965.74,0.9601,0.021995,0.031054,7.973281
5240,5240,1.711958e-4,1.270089,3.5612,942.39,0.9364,0.022036,0.032992,7.791276
5250,5250,1.7109208e-4,1.235015,3.4384,958.34,0.9522,0.021889,0.030154,7.269573
5260,5260,1.7098818e-4,1.273316,3.5727,970.68,0.9647,0.022724,0.033318,7.419753
5270,5270,1.7088413e-4,1.293547,3.6457,944.60,0.9369,0.021711,0.030137,7.966787
5280,5280,1.7077994e-4,1.235257,3.4393,965.05,0.9607,0.020987,0.028101,7.177054
5290,5290,1.706756e-4,1.187958,3.2804,954.85,0.9478,0.021492,0.029439,7.121480
5300,5300,1.7057112e-4,1.309229,3.7033,971.26,0.9679,0.021417,0.029055,7.416099
5310,5310,1.7046649e-4,1.285183,3.6153,963.10,0.9588,0.021129,0.028029,7.452065
5320,5320,1.7036169e-4,1.191085,3.2907,983.15,0.9757,0.020718,0.029346,6.675826
5330,5330,1.7025677e-4,1.279511,3.5949,972.64,0.9704,0.021277,0.028748,7.254983
5340,5340,1.7015167e-4,1.272414,3.5695,965.20,0.9590,0.021946,0.031864,7.417890
5350,5350,1.7004643e-4,1.178729,3.2502,972.23,0.9675,0.020996,0.027752,6.791730
5360,5360,1.6994108e-4,1.181018,3.2577,956.16,0.9462,0.022232,0.027804,7.098971
5370,5370,1.6983555e-4,1.177331,3.2457,912.43,0.9524,0.021446,0.029436,6.987294
5380,5380,1.6972984e-4,1.330571,3.7832,910.76,0.9092,0.022767,0.029497,8.802070
5390,5390,1.6962405e-4,1.232131,3.4285,899.45,0.9033,0.022492,0.030650,8.178432
5400,5400,1.6951808e-4,1.139576,3.1254,951.21,0.9473,0.021403,0.028495,6.803943
5410,5410,1.6941194e-4,1.188656,3.2827,867.98,0.9315,0.022087,0.029102,7.445164
5420,5420,1.6930568e-4,1.267092,3.5505,906.19,0.9204,0.022572,0.033083,8.114435
5430,5430,1.6919928e-4,1.251376,3.4951,911.46,0.9056,0.023384,0.033340,8.262529
5440,5440,1.690927e-4,1.182878,3.2638,896.87,0.8944,0.022695,0.031045,8.154940
5450,5450,1.6898601e-4,1.153979,3.1708,903.36,0.9032,0.022445,0.029335,7.814691
5460,5460,1.6887917e-4,1.187413,3.2786,927.78,0.9231,0.023246,0.030893,7.559484
5470,5470,1.6877218e-4,1.322581,3.7531,951.02,0.9466,0.024387,0.033462,7.994504
5480,5480,1.6866505e-4,1.361728,3.9029,878.22,0.9229,0.024168,0.033725,8.591066
5490,5490,1.6855774e-4,1.332247,3.7895,900.47,0.8944,0.023379,0.031804,9.080340
5500,5500,1.6845032e-4,1.103898,3.0159,908.56,0.9152,0.022535,0.030187,7.256497
5510,5510,1.6834275e-4,1.383567,3.9891,844.11,0.8889,0.024672,0.035060,9.510690
5520,5520,1.6823504e-4,1.351512,3.8633,943.90,0.9457,0.023387,0.032431,8.086451
5530,5530,1.6812718e-4,1.241553,3.4610,870.77,0.9341,0.022495,0.029980,7.816812
5540,5540,1.6801918e-4,1.296823,3.6577,931.53,0.9272,0.023093,0.031865,8.178929
5550,5550,1.6791103e-4,1.218505,3.3821,939.94,0.9376,0.022237,0.030401,7.477967
5560,5560,1.6780273e-4,1.226721,3.4100,870.05,0.9267,0.022340,0.031572,7.699317
5570,5570,1.6769432e-4,1.168541,3.2173,921.15,0.9192,0.021307,0.027521,7.499608
5580,5580,1.6758573e-4,1.246434,3.4779,942.83,0.9357,0.022110,0.030357,7.628170
5590,5590,1.67477e-4,1.197327,3.3113,910.03,0.9065,0.022383,0.028753,7.980971
5600,5600,1.6736815e-4,1.109067,3.0315,941.93,0.9383,0.020866,0.027241,6.805234
5610,5610,1.6725916e-4,1.199331,3.3179,902.10,0.9094,0.022738,0.031658,7.846149
5620,5620,1.6715002e-4,1.293399,3.6452,912.22,0.9078,0.022675,0.030578,8.584673
5630,5630,1.6704074e-4,1.239251,3.4530,934.71,0.9314,0.022590,0.031024,7.766686
5640,5640,1.669313e-4,1.359026,3.8924,927.09,0.9181,0.024531,0.035416,8.763295
5650,5650,1.6682176e-4,1.287616,3.6241,891.29,0.9092,0.023573,0.033507,8.418170
5660,5660,1.6671204e-4,1.235618,3.4405,915.04,0.9078,0.022752,0.031857,8.131059
5670,5670,1.666022e-4,1.200489,3.3217,917.23,0.9391,0.022112,0.030101,7.329744
5680,5680,1.6649222e-4,1.166009,3.2092,928.20,0.9235,0.023259,0.031139,7.550957
5690,5690,1.6638209e-4,1.265787,3.5459,928.02,0.9264,0.024388,0.033925,8.022647
5700,5700,1.6627184e-4,1.232085,3.4284,937.25,0.9282,0.023155,0.028952,7.714853
5710,5710,1.6616145e-4,1.319444,3.7413,924.97,0.9173,0.023445,0.030614,8.660258
5720,5720,1.6605089e-4,1.148604,3.1538,908.83,0.9160,0.022684,0.031195,7.484922
5730,5730,1.659402e-4,1.336961,3.8075,910.04,0.8998,0.022965,0.028987,9.028047
5740,5740,1.658294e-4,1.350271,3.8585,905.20,0.9114,0.023142,0.032088,8.898741
5750,5750,1.6571846e-4,1.233011,3.4315,955.31,0.9503,0.022690,0.030666,7.382051
5760,5760,1.6560737e-4,1.291013,3.6365,862.69,0.9398,0.022598,0.030551,7.787327
5770,5770,1.6549614e-4,1.455882,4.2883,947.86,0.9444,0.023382,0.034001,8.877138
5780,5780,1.6538479e-4,1.280362,3.5979,954.98,0.9436,0.023021,0.033490,7.614532
5790,5790,1.6527326e-4,1.374400,3.9527,951.74,0.9707,0.021932,0.032117,7.739310
5800,5800,1.6516165e-4,1.220262,3.3881,988.09,0.9844,0.020755,0.027796,6.790606
5810,5810,1.6504986e-4,1.233815,3.4343,978.57,0.9750,0.022115,0.030481,6.916345
5820,5820,1.6493796e-4,1.229324,3.4189,967.30,0.9589,0.022144,0.030353,7.101012
5830,5830,1.648259e-4,1.166916,3.2121,973.67,0.9693,0.022224,0.029182,6.660056
5840,5840,1.6471374e-4,1.115302,3.0505,876.97,0.9339,0.021797,0.027669,6.835956
5850,5850,1.646014e-4,1.174141,3.2354,922.67,0.9414,0.022821,0.028707,7.157842
5860,5860,1.6448897e-4,1.256331,3.5125,924.19,0.9195,0.022441,0.028441,8.051023
5870,5870,1.6437637e-4,1.202138,3.3272,945.04,0.9394,0.021316,0.028509,7.296131
5880,5880,1.6426368e-4,1.162707,3.1986,932.20,0.9271,0.022147,0.030439,7.339616
5890,5890,1.6415081e-4,1.266834,3.5496,928.42,0.9248,0.022486,0.027873,8.069664
5900,5900,1.6403783e-4,1.277329,3.5870,927.67,0.9420,0.023063,0.031076,7.690288
5910,5910,1.639247e-4,1.191213,3.2911,917.71,0.9215,0.023319,0.033981,7.646643
5920,5920,1.6381143e-4,1.287887,3.6251,893.84,0.9311,0.023364,0.031889,7.992612
5930,5930,1.6369807e-4,1.252057,3.4975,925.89,0.9218,0.022960,0.030423,7.962252
5940,5940,1.6358454e-4,1.155720,3.1763,912.69,0.9047,0.022152,0.030333,7.748694
5950,5950,1.6347089e-4,1.361084,3.9004,935.52,0.9819,0.023160,0.033236,7.638565
5960,5960,1.6335712e-4,1.299374,3.6670,961.15,0.9583,0.023090,0.032543,7.525068
5970,5970,1.6324321e-4,1.222260,3.3949,969.48,0.9618,0.022054,0.030302,7.002040
5980,5980,1.6312915e-4,1.241449,3.4606,985.27,0.9826,0.022394,0.030362,6.850136
5990,5990,1.6301498e-4,1.456400,4.2905,950.26,0.9853,0.023726,0.033188,7.976695
6000,6000,1.6290069e-4,1.385706,3.9976,895.53,0.9436,0.023156,0.031728,8.342649
6010,6010,1.6278625e-4,1.524104,4.5910,896.21,0.8870,0.025110,0.034222,10.764484
6020,6020,1.6267167e-4,1.363788,3.9110,899.07,0.9216,0.022852,0.030784,8.703344
6030,6030,1.6255697e-4,1.286009,3.6183,852.83,0.9308,0.022567,0.028487,7.835609
6040,6040,1.6244216e-4,1.122983,3.0740,932.83,0.9272,0.021771,0.027827,7.100818
6050,6050,1.623272e-4,1.198955,3.3167,865.85,0.9376,0.022344,0.028655,7.298734
6060,6060,1.6221209e-4,1.360735,3.8991,904.91,0.9438,0.023885,0.036060,8.082251
6070,6070,1.620969e-4,1.187030,3.2773,896.31,0.9114,0.023088,0.033517,7.896185
6080,6080,1.6198156e-4,1.170248,3.2228,891.87,0.8834,0.021912,0.028123,8.173540
6090,6090,1.6186608e-4,1.292720,3.6427,918.24,0.9271,0.022856,0.032579,8.137519
6100,6100,1.6175047e-4,1.542307,4.6754,944.07,0.9371,0.024285,0.032285,9.530884
6110,6110,1.6163473e-4,1.293980,3.6473,905.11,0.9522,0.022034,0.031038,7.673470
6120,6120,1.615189e-4,1.252229,3.4981,913.20,0.9255,0.022629,0.032530,7.883468
6130,6130,1.6140292e-4,1.249766,3.4895,894.91,0.8918,0.023153,0.031750,8.711029
6140,6140,1.6128679e-4,1.282111,3.6042,908.43,0.8989,0.022925,0.031068,8.552979
6150,6150,1.6117055e-4,1.238858,3.4517,851.92,0.9068,0.023209,0.031512,8.154798
6160,6160,1.610542e-4,1.215468,3.3719,909.67,0.9490,0.023136,0.032908,7.371813
6170,6170,1.6093772e-4,1.249984,3.4903,939.61,0.9365,0.023235,0.033834,7.639809
6180,6180,1.608211e-4,1.313396,3.7188,854.83,0.9277,0.023920,0.033688,8.158833
6190,6190,1.6070437e-4,1.220338,3.3883,889.02,0.8850,0.023184,0.037935,8.547080
6200,6200,1.6058751e-4,1.448012,4.2546,938.34,0.9469,0.024904,0.036524,8.589933
6210,6210,1.6047052e-4,1.246046,3.4766,916.50,0.9719,0.022765,0.031359,6.993043
6220,6220,1.603534e-4,1.289106,3.6295,953.31,0.9496,0.022692,0.031597,7.635077
6230,6230,1.6023617e-4,1.204176,3.3340,891.50,0.9543,0.022148,0.030979,6.999364
6240,6240,1.601188e-4,1.243964,3.4693,957.83,0.9535,0.022904,0.030720,7.319056
6250,6250,1.600013e-4,1.212543,3.3620,925.11,0.9195,0.023248,0.029515,7.788381
6260,6260,1.5988373e-4,1.205223,3.3375,938.98,0.9333,0.021697,0.027163,7.406320
6270,6270,1.59766e-4,1.266584,3.5487,890.25,0.9488,0.022291,0.029800,7.546559
6280,6280,1.5964813e-4,1.183994,3.2674,935.50,0.9310,0.022974,0.033704,7.475957
6290,6290,1.5953014e-4,1.170148,3.2225,857.18,0.9197,0.023122,0.032249,7.525844
6300,6300,1.5941204e-4,1.234425,3.4364,942.62,0.9384,0.022636,0.033084,7.521938
6310,6310,1.5929382e-4,1.184500,3.2691,922.89,0.9460,0.022863,0.030203,7.127866
6320,6320,1.5917548e-4,1.281877,3.6034,897.40,0.9278,0.023938,0.032595,8.065511
6330,6330,1.5905703e-4,1.197057,3.3104,914.41,0.9093,0.022922,0.030252,7.827736
6340,6340,1.5893846e-4,1.419824,4.1364,953.16,0.9716,0.024257,0.036360,8.016292
6350,6350,1.5881975e-4,1.275845,3.5817,864.73,0.9295,0.023819,0.034475,7.844543
6360,6360,1.5870092e-4,1.372248,3.9442,921.92,0.9329,0.024663,0.033841,8.415279
6370,6370,1.5858197e-4,1.410657,4.0986,953.46,0.9481,0.024500,0.034734,8.378586
6380,6380,1.584629e-4,1.201278,3.3244,961.55,0.9560,0.022398,0.031823,7.007140
6390,6390,1.583437e-4,1.256739,3.5139,804.18,0.8677,0.023720,0.031533,9.055992
6400,6400,1.582244e-4,1.235492,3.4401,856.25,0.9320,0.023867,0.031848,8.106379
6410,6410,1.5810499e-4,1.179381,3.2524,934.38,0.9286,0.023456,0.031611,7.397412
6420,6420,1.5798543e-4,1.335903,3.8034,858.03,0.9177,0.024653,0.033309,8.631600
6430,6430,1.5786578e-4,1.297747,3.6610,914.71,0.9560,0.023682,0.033115,7.668813
6440,6440,1.5774599e-4,1.358184,3.8891,967.72,0.9625,0.022684,0.030433,7.793709
6450,6450,1.5762611e-4,1.192272,3.2946,850.83,0.9004,0.022860,0.030896,7.944737
6460,6460,1.5750609e-4,1.157014,3.1804,900.94,0.8988,0.022558,0.028122,7.952891
6470,6470,1.5738598e-4,1.324672,3.7609,843.01,0.9229,0.024539,0.037838,8.452534
6480,6480,1.5726572e-4,1.244602,3.4716,962.40,0.9564,0.023387,0.032550,7.291179
6490,6490,1.5714535e-4,1.175993,3.2414,930.72,0.9248,0.023056,0.032399,7.459901
6500,6500,1.5702489e-4,1.209147,3.3506,917.21,0.9342,0.023795,0.031775,7.442902
6510,6510,1.5690425e-4,1.221661,3.3928,913.49,0.9105,0.024823,0.032676,7.973025
6520,6520,1.5678356e-4,1.240153,3.4561,902.23,0.9283,0.023982,0.033369,7.726077
6530,6530,1.5666275e-4,1.449987,4.2631,962.85,0.9602,0.024368,0.038324,8.347359
6540,6540,1.5654179e-4,1.342951,3.8303,916.32,0.9333,0.024383,0.032568,8.286748
6550,6550,1.5642075e-4,1.270639,3.5631,900.01,0.8974,0.025003,0.033364,8.788359
6560,6560,1.5629956e-4,1.212304,3.3612,958.84,0.9573,0.022171,0.029351,7.061423
6570,6570,1.5617828e-4,1.242233,3.4633,928.85,0.9225,0.022782,0.028489,7.902743
6580,6580,1.5605686e-4,1.238747,3.4513,930.65,0.9498,0.023217,0.031002,7.560303
6590,6590,1.5593535e-4,1.485868,4.4188,960.24,0.9841,0.023733,0.032716,8.457524
6600,6600,1.5581373e-4,1.433715,4.1943,970.13,0.9654,0.023451,0.032314,8.473040
6610,6610,1.5569199e-4,1.227020,3.4111,957.91,0.9521,0.022210,0.029596,7.352456
6620,6620,1.5557013e-4,1.255988,3.5113,942.23,0.9420,0.022993,0.030629,7.741589
