step,batch,lr,loss,perplexity,ms_per_step,s_per_norm_seq,delta_word,delta_char1,word_loss
10,1,2.0000002e-6,5.820504,337.1420,1623.58,1.1215,0.054527,0.139908,30.293131
20,2,4.0000004e-6,5.811783,334.2144,1576.59,1.0530,0.053973,0.140927,29.869898
30,3,6e-6,5.749185,313.9347,1837.44,1.0204,0.054228,0.139091,30.186905
40,5,1.0000001e-5,5.701249,299.2410,1669.40,1.0673,0.053416,0.139693,28.941555
50,6,1.2e-5,5.610060,273.1607,1508.27,1.0382,0.052329,0.131823,29.311863
60,7,1.4000001e-5,5.499761,244.6335,1794.34,1.0626,0.050514,0.122792,28.329477
70,8,1.6000002e-5,5.412679,224.2314,1365.33,1.0105,0.049168,0.113347,28.787342
80,10,2.0000001e-5,5.306007,201.5438,1556.81,1.0669,0.046332,0.104936,26.913803
90,11,2.2e-5,5.223804,185.6389,1677.11,1.0077,0.044496,0.094367,27.850155
100,12,2.4e-5,5.146627,171.8509,1561.80,1.0315,0.041745,0.087822,26.954309
110,13,2.6000002e-5,5.038222,154.1957,1576.22,1.0357,0.038516,0.077849,26.002518
120,15,3.0000001e-5,4.913278,136.0847,1478.47,1.0722,0.036341,0.069124,25.362474
130,16,3.2000004e-5,4.855124,128.3967,1774.61,1.0323,0.033226,0.061503,25.012775
140,17,3.4000004e-5,4.784806,119.6782,2075.19,1.0428,0.030700,0.055777,24.983963
150,18,3.6e-5,4.719999,112.1681,1523.45,1.0753,0.028658,0.050253,24.330362
160,20,4.0000003e-5,4.663963,106.0556,1481.06,1.0364,0.026938,0.045226,24.095020
170,21,4.2000003e-5,4.580467,97.5599,2015.29,1.0139,0.024562,0.040536,23.707119
180,22,4.4e-5,4.487603,88.9081,1522.89,1.0384,0.023274,0.036000,23.126631
190,23,4.6000005e-5,4.488778,89.0126,1733.64,1.0226,0.022165,0.033144,23.606016
200,25,5.0000002e-5,4.395064,81.0498,1855.24,1.0719,0.021033,0.030946,22.461626
210,26,5.2000003e-5,4.324597,75.5351,1757.77,1.0743,0.019738,0.027784,22.144291
220,27,5.4000004e-5,4.274968,71.8779,1759.87,1.0204,0.018756,0.026062,21.660429
230,28,5.6000004e-5,4.228788,68.6340,1578.03,0.9718,0.018373,0.025099,22.117876
240,30,6.0000002e-5,4.134953,62.4867,1361.10,0.9745,0.017328,0.023138,21.509171
250,31,6.2e-5,4.070523,58.5876,1777.89,1.0128,0.016413,0.022107,20.796341
260,32,6.400001e-5,4.063725,58.1906,1572.09,0.9538,0.015863,0.020359,21.363712
270,33,6.6e-5,3.956712,52.2851,1503.56,1.0340,0.015266,0.019201,20.012383
280,35,7e-5,3.941925,51.5177,1319.23,0.9876,0.015069,0.019177,20.898561
290,36,7.2e-5,3.866218,47.7614,1520.25,1.0679,0.014357,0.018094,19.466700
300,37,7.4e-5,3.856492,47.2991,1546.46,1.0375,0.014066,0.017479,20.214079
310,38,7.6000004e-5,3.799176,44.6644,1357.92,1.0592,0.013864,0.017237,20.086449
320,40,8.0000005e-5,3.749244,42.4889,1376.41,1.0382,0.013711,0.017018,19.881218
330,41,8.2000006e-5,3.642533,38.1884,1485.14,1.0780,0.013086,0.016164,18.666798
340,42,8.400001e-5,3.587396,36.1399,1775.70,0.9683,0.012990,0.016136,18.868185
350,43,8.6e-5,3.551814,34.8765,1625.39,0.9711,0.012675,0.015794,18.105244
360,45,9.000001e-5,3.496293,32.9929,1480.58,0.9107,0.012541,0.015728,17.877514
370,46,9.200001e-5,3.384420,29.5009,1767.59,0.9254,0.012376,0.015604,17.356543
380,47,9.4e-5,3.411432,30.3086,1645.98,0.9216,0.012523,0.016110,17.896656
390,48,9.6e-5,3.340762,28.2406,1460.64,0.8989,0.012385,0.015857,17.370277
400,50,1.00000005e-4,3.262316,26.1099,1563.37,0.9502,0.012479,0.016127,16.989025
410,51,1.02000005e-4,3.297265,27.0386,1485.42,1.0420,0.012802,0.016964,17.384651
420,52,1.04000006e-4,3.240031,25.5345,1463.35,0.9000,0.012729,0.017177,16.640041
430,53,1.06e-4,3.078110,21.7173,1364.25,0.9964,0.012663,0.016787,15.672475
440,55,1.1000001e-4,3.088290,21.9395,1246.06,0.9830,0.012763,0.017400,15.753424
450,56,1.1200001e-4,3.113712,22.5044,1678.32,0.9100,0.012949,0.018056,16.439236
460,57,1.14e-4,3.013453,20.3576,1377.88,0.8566,0.013116,0.018138,16.008465
470,58,1.16e-4,3.028682,20.6700,1773.70,0.9178,0.013144,0.018348,15.641687
480,60,1.20000004e-4,2.934643,18.8148,1201.79,0.9307,0.013071,0.018345,15.110601
490,61,1.22000005e-4,2.852282,17.3273,1302.24,0.9599,0.013029,0.018514,14.785436
500,62,1.24e-4,2.893941,18.0644,1623.94,0.9525,0.012981,0.018264,15.424959
510,63,1.26e-4,2.841134,17.1352,1421.63,0.9585,0.013046,0.018122,14.751468
520,65,1.3e-4,2.738966,15.4710,1863.37,0.9714,0.012740,0.017598,13.955757
530,66,1.32e-4,2.659977,14.2960,1702.81,1.0042,0.012582,0.017903,13.559939
540,67,1.34e-4,2.702457,14.9163,1310.62,0.9186,0.012770,0.017998,14.257597
550,68,1.3600002e-4,2.628026,13.8464,1473.09,0.9530,0.012642,0.017676,13.746042
560,70,1.4e-4,2.624543,13.7983,1424.36,0.9852,0.012861,0.017947,13.652239
570,71,1.42e-4,2.560218,12.9386,1949.33,0.9362,0.012831,0.017753,13.563260
580,72,1.44e-4,2.493802,12.1072,1474.67,0.9795,0.012780,0.017813,12.886963
590,73,1.46e-4,2.495950,12.1333,1226.18,0.8938,0.013348,0.019116,13.305006
600,75,1.5e-4,2.427932,11.3354,1366.90,0.9567,0.013383,0.019126,12.713610
610,76,1.5200001e-4,2.455497,11.6522,1265.12,0.9075,0.013316,0.018922,12.783134
620,77,1.5400001e-4,2.384534,10.8540,1250.31,0.8412,0.013519,0.019392,12.473968
630,78,1.56e-4,2.346912,10.4532,1560.65,0.9167,0.013413,0.019744,12.048343
640,80,1.6000001e-4,2.329305,10.2708,1577.67,0.8581,0.013576,0.020067,11.986405
650,81,1.6200001e-4,2.300774,9.9819,1170.44,0.8651,0.013414,0.019911,12.013762
660,82,1.6400001e-4,2.296377,9.9381,1608.36,0.8479,0.013675,0.020346,12.186691
670,83,1.6600001e-4,2.215609,9.1670,1676.72,0.9216,0.013597,0.020452,11.470879
680,85,1.7000001e-4,2.286183,9.8373,1789.79,1.0166,0.014383,0.021951,11.690905
690,86,1.72e-4,2.177583,8.8250,1348.99,0.9764,0.014300,0.021667,11.261695
700,87,1.74e-4,2.120524,8.3355,1690.53,0.9801,0.014095,0.021395,10.955480
710,88,1.76e-4,2.173366,8.7878,1745.47,0.9353,0.014814,0.022614,11.552051
720,90,1.8000002e-4,2.089190,8.0784,1383.96,1.0169,0.014561,0.022304,10.598967
730,91,1.8200002e-4,2.092644,8.1063,1493.61,0.9610,0.014613,0.022467,11.071691
740,92,1.8400002e-4,2.030399,7.6171,1730.13,0.9518,0.014612,0.022744,10.459847
750,93,1.86e-4,2.047108,7.7455,1635.94,0.8909,0.015246,0.024588,10.579560
760,95,1.9e-4,2.042234,7.7078,1477.47,0.9472,0.015588,0.025078,10.760145
770,96,1.92e-4,2.073686,7.9541,1333.20,0.9609,0.015702,0.025286,11.080242
780,97,1.9400001e-4,1.948655,7.0192,1700.30,0.9734,0.015370,0.024616,10.295683
790,98,1.9600001e-4,1.889668,6.6172,1419.66,1.0291,0.015223,0.024726,9.779297
800,100,2.0000001e-4,1.992985,7.3374,1408.90,0.9432,0.015624,0.025284,10.635078
810,101,2.0200001e-4,1.917732,6.8055,1732.16,0.9687,0.014794,0.024136,9.990583
820,102,2.0400001e-4,1.831875,6.2456,1481.10,0.9329,0.014410,0.023893,9.338781
830,103,2.0600001e-4,1.843535,6.3188,1505.81,1.0285,0.015459,0.026515,9.546488
840,105,2.1000001e-4,1.819155,6.1666,1212.33,1.0537,0.015546,0.026614,9.242375
850,106,2.12e-4,1.799847,6.0487,1864.42,0.9782,0.015336,0.025596,9.206222
860,107,2.14e-4,1.829133,6.2285,1586.06,0.9897,0.015303,0.025869,9.479456
870,108,2.1600001e-4,1.775292,5.9020,1746.84,0.9547,0.015208,0.025649,9.131652
880,110,2.2000002e-4,1.847922,6.3466,1361.01,0.9495,0.015869,0.026613,9.681549
890,111,2.2200002e-4,1.750297,5.7563,1719.18,0.9844,0.015228,0.025399,9.037761
900,112,2.2400002e-4,1.760389,5.8147,1545.88,0.9544,0.015614,0.026267,9.287539
910,113,2.26e-4,1.726254,5.6196,1345.31,0.9659,0.016024,0.027352,8.986516
920,115,2.3e-4,1.762692,5.8281,1759.86,0.9932,0.015437,0.025680,9.071309
930,116,2.32e-4,1.730770,5.6450,1562.35,1.0238,0.015246,0.025686,9.025878
940,117,2.34e-4,1.693621,5.4391,1411.52,0.9896,0.015087,0.025873,8.935251
950,118,2.3600002e-4,1.612825,5.0170,1365.71,0.9807,0.015242,0.026940,8.302811
960,120,2.4000001e-4,1.586828,4.8882,1362.40,0.9809,0.015883,0.027823,8.153183
970,121,2.4200001e-4,1.689335,5.4159,1405.46,0.9769,0.016352,0.028386,8.845049
980,122,2.4400001e-4,1.672354,5.3247,1442.95,0.9627,0.016094,0.027774,8.890871
990,123,2.46e-4,1.608086,4.9932,1449.24,1.0228,0.015135,0.026798,8.367054
1000,125,2.5e-4,1.771310,5.8786,1508.70,0.9796,0.016054,0.028475,9.691702
1010,126,2.52e-4,1.591448,4.9109,1465.29,0.9627,0.014893,0.026291,8.261518
1020,127,2.54e-4,1.631499,5.1115,1560.14,0.9277,0.015619,0.027730,8.504107
1030,128,2.5600003e-4,1.540328,4.6661,1912.76,0.9203,0.015492,0.027292,7.957646
1040,130,2.6e-4,1.508068,4.5180,1552.87,0.9392,0.015440,0.027535,7.856154
1050,131,2.6200002e-4,1.505232,4.5052,1639.52,0.9320,0.015289,0.027150,7.731616
1060,132,2.64e-4,1.666070,5.2913,1645.79,0.9003,0.016137,0.028301,8.589524
1070,133,2.6600002e-4,1.560755,4.7624,1497.20,0.9129,0.015306,0.027425,8.231730
1080,135,2.7000002e-4,1.516770,4.5575,1351.93,0.9502,0.014837,0.026828,7.932081
1090,136,2.7200003e-4,1.548677,4.7052,1654.01,0.9143,0.015332,0.027779,8.076502
1100,137,2.7400002e-4,1.540087,4.6650,1546.30,0.9427,0.016072,0.029385,8.075187
1110,138,2.76e-4,1.445689,4.2448,1413.40,0.9711,0.015888,0.029327,7.381399
1120,140,2.8e-4,1.462304,4.3159,1820.56,0.9631,0.015240,0.027899,7.385798
1130,141,2.8200002e-4,1.447695,4.2533,1313.73,0.9132,0.015406,0.028725,7.492427
1140,142,2.84e-4,1.477883,4.3837,1485.35,0.9814,0.015180,0.027782,7.670683
1150,143,2.86e-4,1.376830,3.9623,1244.54,1.0132,0.014972,0.027955,7.043980
1160,145,2.9e-4,1.377068,3.9633,1439.96,1.0046,0.015074,0.028780,6.941092
1170,146,2.92e-4,1.444477,4.2396,1755.69,0.9834,0.015798,0.029759,7.545587
1180,147,2.9400003e-4,1.425900,4.1616,1399.28,0.8654,0.015447,0.029131,7.528497
1190,148,2.96e-4,1.393650,4.0295,1587.23,0.8712,0.015820,0.030214,7.189151
1200,150,2.9999934e-4,1.411122,4.1006,1431.35,1.0413,0.016200,0.031140,7.287014
1210,151,2.9999934e-4,1.360136,3.8967,1542.03,0.9282,0.015166,0.028616,7.082593
1220,152,2.9999934e-4,1.310220,3.7070,1118.92,0.8651,0.014592,0.028043,6.704366
1230,153,2.9999932e-4,1.368570,3.9297,1489.54,0.8420,0.014860,0.028213,7.146945
1240,155,2.9999932e-4,1.440086,4.2211,1379.53,0.9051,0.014914,0.027910,7.440271
1250,156,2.999993e-4,1.337213,3.8084,1457.29,1.0567,0.015020,0.029184,6.979610
1260,157,2.999993e-4,1.336480,3.8056,1291.67,0.9271,0.014940,0.028573,6.889348
1270,158,2.999993e-4,1.303162,3.6809,1163.59,0.8884,0.014652,0.028536,6.731580
1280,160,2.9999926e-4,1.282268,3.6048,1232.99,0.8567,0.014617,0.028625,6.649035
1290,161,2.9999923e-4,1.292975,3.6436,1291.30,0.8776,0.015071,0.029236,6.822656
1300,162,2.9999923e-4,1.293488,3.6455,1806.97,0.8715,0.015123,0.030085,6.801672
1310,163,2.9999923e-4,1.288289,3.6266,2007.32,0.9020,0.015206,0.029581,6.606197
1320,165,2.999992e-4,1.232534,3.4299,1284.82,0.9901,0.014868,0.028919,6.470016
1330,166,2.999992e-4,1.273932,3.5749,1750.82,1.0471,0.015052,0.029286,6.414889
1340,167,2.9999917e-4,1.316054,3.7287,1263.32,0.9255,0.015267,0.030891,6.842628
1350,168,2.9999917e-4,1.253953,3.5042,1528.30,0.9415,0.014565,0.028830,6.551471
1360,170,2.9999917e-4,1.397971,4.0470,1316.57,0.8977,0.015533,0.030590,7.297563
1370,171,2.9999914e-4,1.274963,3.5786,1601.77,0.9333,0.014531,0.028632,6.617358
1380,172,2.9999914e-4,1.251097,3.4942,1404.76,1.0511,0.014960,0.029586,6.550182
1390,173,2.9999914e-4,1.223272,3.3983,1363.22,1.0715,0.014204,0.028173,6.185624
1400,175,2.999991e-4,1.273199,3.5723,1496.45,0.9627,0.015178,0.030454,6.593677
1410,176,2.9999908e-4,1.289258,3.6301,1639.21,0.9530,0.015247,0.030219,6.660393
1420,177,2.9999908e-4,1.220242,3.3880,1696.03,1.0485,0.014562,0.029650,6.312025
1430,178,2.9999908e-4,1.221607,3.3926,1604.39,1.0249,0.014605,0.029983,6.398233
1440,180,2.9999905e-4,1.186404,3.2753,1558.13,1.0243,0.014609,0.030710,6.133022
1450,181,2.9999905e-4,1.204499,3.3351,1310.82,1.0166,0.015143,0.030705,6.441858
1460,182,2.9999902e-4,1.342517,3.8287,1303.26,1.0060,0.015701,0.032067,7.177508
1470,183,2.9999902e-4,1.150465,3.1597,1574.98,1.0427,0.013967,0.028241,5.868649
1480,185,2.99999e-4,1.209181,3.3507,1564.37,1.0171,0.014709,0.029465,6.251148
1490,186,2.99999e-4,1.199903,3.3198,1842.16,0.9962,0.014921,0.030762,6.158122
1500,187,2.99999e-4,1.180172,3.2549,1235.96,0.9525,0.015179,0.030819,6.212499
1510,188,2.9999897e-4,1.276553,3.5843,1500.68,0.9762,0.015979,0.032770,6.829450
1520,190,2.9999897e-4,1.232086,3.4284,1378.41,0.9904,0.015201,0.032008,6.561960
1530,191,2.9999894e-4,1.227744,3.4135,1557.29,1.0195,0.015455,0.032243,6.369664
1540,192,2.999989e-4,1.212651,3.3624,1518.75,0.9578,0.015415,0.032208,6.348823
1550,193,2.999989e-4,1.194521,3.3020,1256.98,0.9522,0.015510,0.032025,6.166036
1560,195,2.9999888e-4,1.264416,3.5410,1481.47,0.9614,0.015733,0.032231,6.734012
1570,196,2.9999888e-4,1.349561,3.8557,1721.06,0.9134,0.015986,0.032192,7.209855
1580,197,2.9999885e-4,1.142345,3.1341,1342.68,1.0141,0.014258,0.030289,5.957537
1590,198,2.9999885e-4,1.240839,3.4585,1423.10,0.9271,0.015268,0.031112,6.674764
1600,200,2.9999882e-4,1.164035,3.2028,1560.18,0.9838,0.014911,0.031014,5.931054
1610,201,2.9999882e-4,1.171550,3.2270,1352.99,0.9910,0.015192,0.032114,6.046314
1620,202,2.9999882e-4,1.227440,3.4125,2093.92,0.9940,0.015261,0.032484,6.433048
1630,203,2.999988e-4,1.065823,2.9032,1150.04,0.9658,0.014294,0.030651,5.477578
1640,205,2.9999876e-4,1.225089,3.4045,1711.05,1.0035,0.014682,0.031059,6.185261
1650,206,2.9999876e-4,1.135277,3.1120,1486.46,0.9572,0.014016,0.029255,5.887308
1660,207,2.9999873e-4,1.068774,2.9118,1280.04,0.9480,0.013647,0.028849,5.483922
1670,208,2.9999873e-4,1.172998,3.2317,1656.54,0.9788,0.014563,0.030558,6.054567
1680,210,2.999987e-4,1.192228,3.2944,1574.53,0.9372,0.015077,0.032000,6.229589
1690,211,2.999987e-4,1.177447,3.2461,1610.25,0.9140,0.014826,0.030730,6.326180
1700,212,2.999987e-4,1.172657,3.2306,1772.87,0.9439,0.014921,0.030819,6.175984
1710,213,2.9999868e-4,1.232254,3.4289,1908.23,0.9053,0.015107,0.031218,6.558063
1720,215,2.9999865e-4,1.193192,3.2976,1579.45,0.9179,0.014828,0.030932,6.216239
1730,216,2.9999862e-4,1.123374,3.0752,1638.72,0.9223,0.014033,0.029766,5.775662
1740,217,2.9999862e-4,1.104375,3.0173,1632.00,0.9248,0.013777,0.030068,5.650103
1750,218,2.999986e-4,1.118947,3.0616,1312.69,0.9383,0.014244,0.030103,5.977823
1760,220,2.999986e-4,1.149614,3.1570,1662.16,0.9157,0.014233,0.029944,5.972661
1770,221,2.9999856e-4,1.198670,3.3157,1871.57,0.8855,0.015174,0.032508,6.256298
1780,222,2.9999856e-4,1.069425,2.9137,1565.78,0.8990,0.014223,0.030966,5.549397
1790,223,2.9999853e-4,1.126514,3.0849,1347.21,0.9400,0.014794,0.032047,5.889108
1800,225,2.9999853e-4,1.101291,3.0080,1320.27,0.9119,0.014541,0.031995,5.687265
1810,226,2.999985e-4,1.076398,2.9341,1456.91,0.9853,0.014871,0.032193,5.674652
1820,227,2.9999847e-4,1.141448,3.1313,1527.19,0.9471,0.015127,0.033484,6.005581
1830,228,2.9999847e-4,1.219019,3.3839,1649.44,0.9614,0.015419,0.033112,6.399494
1840,230,2.9999844e-4,1.079211,2.9424,1511.36,0.9820,0.014163,0.030336,5.695529
1850,231,2.9999844e-4,1.195878,3.3065,1675.71,0.9699,0.015606,0.033201,6.496358
1860,232,2.999984e-4,1.022029,2.7788,1919.31,1.0139,0.013825,0.029871,5.196632
1870,233,2.999984e-4,1.122526,3.0726,1445.09,0.9984,0.014785,0.031977,5.852213
1880,235,2.9999838e-4,1.069861,2.9150,1454.62,0.9486,0.014241,0.031176,5.601591
1890,236,2.9999838e-4,1.025498,2.7885,1359.61,1.0404,0.013756,0.030580,5.192914
1900,237,2.9999833e-4,1.039588,2.8281,1434.73,1.0153,0.014375,0.031441,5.421136
1910,238,2.9999833e-4,1.083577,2.9552,1487.18,1.0043,0.014821,0.033016,5.641066
1920,240,2.999983e-4,1.085622,2.9613,1831.32,0.9876,0.014871,0.032917,5.692271
1930,241,2.999983e-4,1.121645,3.0699,1494.17,0.9614,0.014980,0.032941,5.889913
1940,242,2.9999827e-4,1.097795,2.9975,1642.84,0.9269,0.014192,0.031424,5.685071
1950,243,2.9999827e-4,1.068245,2.9103,1442.46,1.0030,0.014191,0.031846,5.628791
1960,245,2.9999824e-4,0.985337,2.6787,1528.23,0.9907,0.013700,0.031790,5.063846
1970,246,2.999982e-4,1.114243,3.0473,1478.57,0.9755,0.015033,0.034275,5.918813
1980,247,2.999982e-4,1.068607,2.9113,1604.99,0.9438,0.014883,0.033829,5.646695
1990,248,2.999982e-4,1.069054,2.9126,1566.71,1.0185,0.014532,0.032634,5.434968
2000,250,2.9999815e-4,1.008367,2.7411,1608.85,0.9731,0.014512,0.033399,5.203182
2010,251,2.9999815e-4,1.075890,2.9326,1415.99,0.9175,0.014833,0.033040,5.640021
2020,252,2.9999812e-4,1.107268,3.0261,1420.83,0.8985,0.015188,0.033984,5.905383
2030,253,2.9999812e-4,1.196668,3.3091,1401.75,0.8532,0.016291,0.036070,6.370618
2040,255,2.999981e-4,0.975255,2.6518,1432.46,0.9235,0.014666,0.034081,5.066810
2050,256,2.999981e-4,1.055750,2.8741,1200.84,0.8560,0.015108,0.034295,5.574576
2060,257,2.9999806e-4,1.071146,2.9187,1328.09,0.9246,0.015177,0.034675,5.632646
2070,258,2.9999806e-4,1.014843,2.7589,1578.22,0.8862,0.014160,0.032759,5.255908
2080,260,2.99998e-4,1.017484,2.7662,1236.76,0.8655,0.013953,0.031966,5.245415
2090,261,2.9999798e-4,1.030048,2.8012,1389.09,0.8996,0.014063,0.031962,5.267781
2100,262,2.9999798e-4,1.033633,2.8113,1742.80,0.8672,0.013991,0.031564,5.510134
2110,263,2.9999795e-4,1.017431,2.7661,1689.31,0.9720,0.013688,0.031728,5.167607
2120,265,2.9999795e-4,1.015914,2.7619,1876.26,0.9093,0.013711,0.031775,5.187786
2130,266,2.9999792e-4,1.008853,2.7425,1446.78,0.8754,0.014226,0.033311,5.236114
2140,267,2.9999792e-4,0.987926,2.6857,1550.21,0.8583,0.014366,0.033071,5.114807
2150,268,2.999979e-4,1.027714,2.7947,1773.65,0.8907,0.014378,0.033735,5.221697
2160,270,2.9999786e-4,1.066135,2.9041,1302.21,0.9660,0.014777,0.034017,5.659829
2170,271,2.9999783e-4,1.020946,2.7758,1334.61,0.9331,0.014138,0.032119,5.398502
2180,272,2.9999783e-4,1.062550,2.8937,1423.94,0.9337,0.013978,0.031589,5.623000
2190,273,2.999978e-4,1.092478,2.9817,2003.13,0.8733,0.014719,0.033001,5.785445
2200,275,2.9999777e-4,1.009064,2.7430,1405.11,0.8692,0.013873,0.032394,5.202249
2210,276,2.9999777e-4,0.936791,2.5518,1347.58,0.8998,0.013965,0.032094,4.739310
2220,277,2.9999774e-4,1.079759,2.9440,1356.75,0.8449,0.015405,0.035255,5.779334
2230,278,2.9999772e-4,0.984696,2.6770,1777.15,0.9110,0.014344,0.032723,5.007832
2240,280,2.999977e-4,0.967113,2.6303,1339.32,0.9803,0.014215,0.033210,5.058976
2250,281,2.9999766e-4,1.060879,2.8889,1344.33,0.9812,0.014582,0.033494,5.644105
2260,282,2.9999766e-4,1.006401,2.7357,1415.67,0.9711,0.014384,0.033532,5.230823
2270,283,2.9999763e-4,0.920809,2.5113,1232.39,0.9296,0.013450,0.031337,4.759212
2280,285,2.999976e-4,0.977269,2.6572,1437.65,0.9037,0.014064,0.034974,5.116119
2290,286,2.999976e-4,1.002694,2.7256,1296.46,0.9279,0.014186,0.033601,5.154793
2300,287,2.9999757e-4,0.947416,2.5790,1258.20,0.8985,0.014780,0.034712,4.946763
2310,288,2.9999757e-4,0.945486,2.5741,1377.49,0.9140,0.014581,0.035257,4.984109
2320,290,2.9999754e-4,1.076294,2.9338,1394.99,0.9081,0.015741,0.036620,5.793113
2330,291,2.999975e-4,1.013016,2.7539,1340.86,0.9579,0.014499,0.034717,5.289131
2340,292,2.9999748e-4,0.962545,2.6184,1821.78,0.9422,0.013924,0.032411,4.867419
2350,293,2.9999748e-4,1.031822,2.8062,1315.15,0.9439,0.014528,0.034546,5.404240
2360,295,2.9999745e-4,0.967107,2.6303,1342.60,0.9935,0.014134,0.034446,4.971590
2370,296,2.9999742e-4,0.999516,2.7170,1668.00,0.9603,0.014636,0.034312,5.164450
2380,297,2.999974e-4,1.057368,2.8788,1451.44,0.8776,0.015034,0.036028,5.655762
2390,298,2.9999737e-4,0.976724,2.6557,1146.41,0.8889,0.013843,0.033164,5.124891
2400,300,2.9999734e-4,0.981484,2.6684,1467.48,0.9505,0.014614,0.035007,5.102893
2410,301,2.9999734e-4,0.964573,2.6237,1362.72,1.0116,0.013851,0.033382,4.976112
2420,302,2.999973e-4,0.984912,2.6776,1573.49,0.9566,0.013911,0.033477,5.117786
2430,303,2.999973e-4,0.951143,2.5887,1885.31,0.9444,0.013922,0.033451,4.851597
2440,305,2.9999725e-4,0.911773,2.4887,1494.06,0.9290,0.013386,0.032575,4.731538
2450,306,2.9999725e-4,1.048002,2.8519,2205.15,0.9071,0.015380,0.037589,5.472782
2460,307,2.9999722e-4,0.860462,2.3643,1549.07,0.9468,0.013131,0.031866,4.341560
2470,308,2.9999722e-4,0.860929,2.3654,1352.27,0.9198,0.013535,0.032750,4.356294
2480,310,2.9999716e-4,0.970070,2.6381,1560.50,0.9328,0.014291,0.035173,5.078940
2490,311,2.9999716e-4,0.953006,2.5935,1232.81,0.9858,0.014173,0.034847,4.988881
2500,312,2.9999713e-4,1.019369,2.7714,1489.48,0.9452,0.014396,0.034795,5.399676
2510,313,2.999971e-4,0.947007,2.5780,1751.20,0.9532,0.014186,0.034674,4.973647
2520,315,2.9999707e-4,0.919428,2.5079,1459.79,0.9443,0.013668,0.033109,4.767848
2530,316,2.9999705e-4,0.937187,2.5528,1256.13,0.9480,0.013749,0.033427,4.917306
2540,317,2.9999705e-4,0.977439,2.6576,1436.13,0.9786,0.014093,0.034756,5.094845
2550,318,2.9999702e-4,0.960043,2.6118,1566.06,0.9090,0.014123,0.034872,5.083869
2560,320,2.99997e-4,0.929409,2.5330,1374.50,0.9262,0.013902,0.034105,4.918808
2570,321,2.9999696e-4,0.961544,2.6157,1817.67,0.9495,0.014601,0.036146,4.967610
2580,322,2.9999693e-4,0.903316,2.4678,1412.59,0.9835,0.013647,0.033700,4.620437
2590,323,2.9999693e-4,0.956494,2.6026,1383.65,0.9741,0.014023,0.033884,4.926358
2600,325,2.999969e-4,0.896470,2.4509,1638.33,0.9494,0.013434,0.033248,4.559927
2610,326,2.9999687e-4,0.915298,2.4975,1419.28,0.9189,0.014084,0.034614,4.717358
2620,327,2.9999687e-4,0.986938,2.6830,1897.52,0.9146,0.014743,0.035878,5.240550
2630,328,2.9999684e-4,0.988645,2.6876,1282.22,0.9045,0.014798,0.036865,5.240477
2640,330,2.9999678e-4,0.884606,2.4220,1290.80,0.9628,0.013532,0.033232,4.659986
2650,331,2.9999675e-4,1.013834,2.7561,1425.48,0.8843,0.014753,0.035750,5.522907
2660,332,2.9999675e-4,0.989951,2.6911,1456.20,0.8835,0.014348,0.035526,5.242715
2670,333,2.9999673e-4,0.928333,2.5303,1287.46,0.9206,0.014437,0.036368,4.954813
2680,335,2.999967e-4,0.858685,2.3601,1380.24,0.9910,0.013571,0.034715,4.443291
2690,336,2.9999667e-4,1.055221,2.8726,1738.40,0.9445,0.015007,0.036786,5.555769
2700,337,2.9999664e-4,0.946183,2.5759,1530.82,0.9666,0.014276,0.035791,5.006390
2710,338,2.9999664e-4,0.958784,2.6085,1767.78,0.9849,0.013944,0.034914,4.869309
2720,340,2.999966e-4,0.989716,2.6905,1360.95,0.8979,0.014213,0.034488,5.122244
2730,341,2.9999658e-4,0.912828,2.4914,1639.79,0.9535,0.013385,0.033982,4.679145
2740,342,2.9999655e-4,0.924399,2.5204,1347.74,0.9603,0.013603,0.034238,4.870118
2750,343,2.9999655e-4,0.931727,2.5389,1731.50,0.9601,0.013568,0.034046,4.838406
2760,345,2.999965e-4,0.887936,2.4301,1321.30,0.9888,0.013441,0.034032,4.591729
2770,346,2.9999646e-4,0.887023,2.4279,1676.20,1.0109,0.014418,0.036325,4.551006
2780,347,2.9999643e-4,0.977459,2.6577,1585.89,0.8950,0.014565,0.036642,5.185834
2790,348,2.9999643e-4,0.938214,2.5554,1384.41,0.8855,0.014044,0.034771,4.985587
2800,350,2.9999638e-4,0.903588,2.4684,1389.94,0.9891,0.013337,0.033768,4.656191
2810,351,2.9999638e-4,0.858115,2.3587,1769.03,0.9623,0.012771,0.031906,4.364114
2820,352,2.9999635e-4,0.923545,2.5182,1550.68,0.9116,0.013743,0.033579,4.738693
2830,353,2.9999632e-4,0.971239,2.6412,1167.07,0.9081,0.014064,0.034540,5.098319
2840,355,2.999963e-4,0.972941,2.6457,1670.82,0.9369,0.014385,0.034869,5.096334
2850,356,2.9999626e-4,0.933720,2.5440,1111.10,0.8846,0.013900,0.033797,4.912384
2860,357,2.9999626e-4,0.923406,2.5179,1494.17,0.9152,0.013210,0.032480,4.861464
2870,358,2.9999623e-4,0.884075,2.4207,1415.10,0.9855,0.013517,0.033217,4.604151
2880,360,2.9999617e-4,0.852404,2.3453,1344.65,0.9431,0.012731,0.032417,4.525337
2890,361,2.9999614e-4,0.954148,2.5965,1351.81,0.9699,0.013802,0.034120,5.002860
2900,362,2.9999614e-4,0.869726,2.3863,1632.29,0.9620,0.013335,0.033679,4.435328
2910,363,2.999961e-4,0.937403,2.5533,1461.96,0.9481,0.014120,0.035672,4.933698
2920,365,2.9999609e-4,0.939254,2.5581,1351.04,0.8725,0.014332,0.036113,4.989916
2930,366,2.9999606e-4,0.845409,2.3289,1355.87,1.0042,0.013029,0.033183,4.255041
2940,367,2.9999603e-4,0.891478,2.4387,1637.05,0.9437,0.013984,0.035995,4.570224
2950,368,2.99996e-4,0.805297,2.2374,1350.25,0.9611,0.012777,0.032540,4.096713
2960,370,2.9999597e-4,0.837600,2.3108,1481.15,1.0068,0.012807,0.032983,4.267482
2970,371,2.9999594e-4,0.839804,2.3159,1370.40,0.9928,0.013138,0.034070,4.323267
2980,372,2.9999594e-4,0.901473,2.4632,1458.61,0.9597,0.013773,0.035838,4.708323
2990,373,2.9999588e-4,0.845011,2.3280,1658.14,0.9895,0.013799,0.035896,4.319039
3000,375,2.9999585e-4,0.846831,2.3322,1261.84,0.9966,0.014552,0.037876,4.311221
3010,376,2.9999582e-4,0.907230,2.4775,1559.22,0.9370,0.014369,0.036672,4.702173
3020,377,2.999958e-4,0.842188,2.3214,1274.49,0.9522,0.013649,0.035553,4.283859
3030,378,2.999958e-4,0.893425,2.4435,1550.47,0.9757,0.014168,0.036062,4.683082
3040,380,2.9999574e-4,0.857514,2.3573,1428.69,1.0045,0.013089,0.033602,4.436542
3050,381,2.999957e-4,0.897903,2.4545,1441.25,0.9981,0.013219,0.033615,4.666893
3060,382,2.999957e-4,0.930298,2.5353,1492.50,0.9718,0.013265,0.033920,4.881388
3070,383,2.9999568e-4,0.927196,2.5274,1343.93,0.9652,0.013432,0.034592,4.938679
3080,385,2.9999565e-4,0.865846,2.3770,1533.05,0.9105,0.013476,0.035132,4.584866
3090,386,2.999956e-4,0.926343,2.5253,1599.71,0.9657,0.014384,0.036895,4.838859
3100,387,2.9999556e-4,0.834026,2.3026,1551.60,0.9609,0.013869,0.035676,4.351767
3110,388,2.9999556e-4,0.811356,2.2510,1489.43,0.9531,0.013582,0.035723,4.237636
3120,390,2.999955e-4,0.978970,2.6617,1535.65,0.9608,0.014843,0.038298,5.207120
3130,391,2.9999547e-4,0.960375,2.6127,1705.57,0.8975,0.014395,0.037879,5.073665
3140,392,2.9999547e-4,0.823041,2.2774,1250.30,0.9748,0.012782,0.032642,4.198091
3150,393,2.9999544e-4,0.927829,2.5290,1342.37,0.9415,0.013526,0.035595,4.939636
3160,395,2.999954e-4,0.911315,2.4876,1314.47,0.8795,0.012922,0.034007,4.843619
3170,396,2.999954e-4,0.853743,2.3484,1239.12,0.9586,0.012892,0.033988,4.324632
3180,397,2.9999536e-4,0.900108,2.4599,1693.17,0.9615,0.013324,0.034636,4.648116
3190,398,2.9999533e-4,0.877408,2.4047,1385.90,0.9720,0.013771,0.035183,4.617844
3200,400,2.9999527e-4,0.909950,2.4842,1516.44,0.9370,0.014235,0.036134,4.793067
3210,401,2.9999524e-4,0.867198,2.3802,1632.19,0.9751,0.014402,0.037032,4.470745
3220,402,2.999952e-4,0.801975,2.2299,1283.19,0.8882,0.013191,0.033687,4.239839
3230,403,2.999952e-4,0.904391,2.4704,1852.32,0.9175,0.013843,0.035821,4.695405
3240,405,2.9999515e-4,0.909933,2.4842,1810.56,0.9193,0.013673,0.035529,4.730992
3250,406,2.9999512e-4,0.893495,2.4437,1421.69,0.9312,0.013193,0.034128,4.577374
3260,407,2.999951e-4,0.867721,2.3815,1276.53,0.9420,0.013104,0.033970,4.484701
3270,408,2.999951e-4,0.848250,2.3356,1437.09,0.9004,0.013493,0.034937,4.510631
3280,410,2.9999504e-4,0.888853,2.4323,1900.08,0.9027,0.014093,0.036748,4.685050
3290,411,2.99995e-4,0.854821,2.3510,1371.33,0.9378,0.013705,0.037090,4.436900
3300,412,2.9999498e-4,0.857330,2.3569,1441.47,0.9230,0.013025,0.035886,4.355941
3310,413,2.9999495e-4,0.939575,2.5589,1594.03,0.9244,0.013650,0.035775,4.901670
3320,415,2.9999492e-4,0.876512,2.4025,1576.73,0.9147,0.013163,0.037574,4.566606
3330,416,2.999949e-4,0.885605,2.4244,1286.88,0.9005,0.013636,0.035389,4.605567
3340,417,2.9999486e-4,0.952016,2.5909,1408.84,0.9111,0.014412,0.036978,4.976729
3350,418,2.9999483e-4,0.945518,2.5741,1567.86,0.9086,0.014470,0.038516,5.046195
3360,420,2.999948e-4,0.850917,2.3418,1334.20,0.9125,0.013526,0.036463,4.467293
3370,421,2.9999478e-4,0.816225,2.2619,1233.77,0.9953,0.013042,0.034968,4.174055
3380,422,2.9999475e-4,0.816502,2.2626,1182.02,1.0060,0.012799,0.035582,4.157592
3390,423,2.9999472e-4,0.841262,2.3193,1614.00,0.9381,0.012903,0.033816,4.380328
3400,425,2.9999466e-4,0.864300,2.3733,1769.99,0.8964,0.013447,0.036775,4.405526
3410,426,2.9999463e-4,0.832610,2.2993,1252.03,0.9586,0.012692,0.033978,4.290006
3420,427,2.999946e-4,0.818528,2.2672,1279.21,0.9859,0.013624,0.036320,4.222713
3430,428,2.999946e-4,0.876215,2.4018,1380.51,0.9442,0.013325,0.035366,4.696605
3440,430,2.9999454e-4,0.824898,2.2816,1376.43,0.9700,0.012533,0.032796,4.346106
3450,431,2.999945e-4,0.874774,2.3983,1533.98,0.9909,0.013994,0.036951,4.656634
3460,432,2.9999448e-4,0.842927,2.3232,1338.30,0.9690,0.013342,0.035838,4.447877
3470,433,2.9999446e-4,0.834188,2.3029,1364.23,0.9495,0.012813,0.033128,4.403209
3480,435,2.9999443e-4,0.844251,2.3262,1656.83,0.9855,0.013127,0.034202,4.300725
3490,436,2.9999437e-4,0.878965,2.4084,1405.24,0.9630,0.013864,0.036757,4.662309
3500,437,2.9999434e-4,0.892488,2.4412,1714.35,0.9360,0.013106,0.034740,4.658388
3510,438,2.9999434e-4,0.847189,2.3331,1504.48,0.9005,0.012909,0.034415,4.428144
3520,440,2.9999428e-4,0.906439,2.4755,1793.92,0.9207,0.013422,0.036166,4.672999
3530,441,2.9999425e-4,0.854415,2.3500,1561.66,0.9768,0.013120,0.035425,4.405338
3540,442,2.9999422e-4,0.827288,2.2871,1362.89,0.9529,0.012762,0.035113,4.327123
3550,443,2.999942e-4,0.952522,2.5922,1611.45,0.9226,0.013908,0.036797,4.963754
3560,445,2.9999416e-4,0.837227,2.3100,1382.58,0.8975,0.012852,0.034015,4.466078
3570,446,2.9999414e-4,0.850826,2.3416,1407.97,0.9796,0.013312,0.035529,4.447146
3580,447,2.999941e-4,0.768347,2.1562,1346.54,0.9782,0.013101,0.035454,4.035158
3590,448,2.9999405e-4,0.806310,2.2396,1258.68,0.9804,0.013118,0.035381,4.201525
3600,450,2.9999402e-4,0.873416,2.3951,1908.94,0.9411,0.013635,0.037100,4.489929
3610,451,2.99994e-4,0.851938,2.3442,1541.12,0.9298,0.013715,0.037375,4.397529
3620,452,2.9999396e-4,0.861753,2.3673,1452.61,0.9535,0.013096,0.035312,4.479352
3630,453,2.9999393e-4,0.877388,2.4046,1757.04,0.8869,0.012877,0.035230,4.563363
3640,455,2.9999387e-4,0.873331,2.3949,1584.65,0.9505,0.012771,0.035238,4.507245
3650,456,2.9999387e-4,0.843857,2.3253,1420.46,0.9075,0.012909,0.035035,4.352970
3660,457,2.9999384e-4,0.879674,2.4101,1533.32,0.9436,0.013550,0.037095,4.600083
3670,458,2.9999382e-4,0.854365,2.3499,1602.95,0.9036,0.013870,0.038444,4.514474
3680,460,2.9999373e-4,0.824377,2.2805,1943.63,0.9146,0.013036,0.035924,4.125962
3690,461,2.9999373e-4,0.835112,2.3051,1622.88,0.8796,0.012870,0.035364,4.335166
3700,462,2.999937e-4,0.789751,2.2028,1799.21,0.9919,0.012567,0.035262,4.000407
3710,463,2.9999367e-4,0.815138,2.2595,1249.61,0.9243,0.013102,0.036835,4.298992
3720,465,2.999936e-4,0.796491,2.2177,1378.32,1.0077,0.012747,0.035317,4.086301
3730,466,2.9999358e-4,0.829609,2.2924,2009.11,0.8789,0.013368,0.037104,4.391865
3740,467,2.9999355e-4,0.907266,2.4775,1357.45,0.9305,0.013746,0.037488,4.899073
3750,468,2.9999352e-4,0.856291,2.3544,1740.43,0.9225,0.013453,0.036689,4.446509
3760,470,2.9999347e-4,0.802976,2.2322,1422.46,0.9756,0.013368,0.037003,4.158085
3770,471,2.9999344e-4,0.852508,2.3455,1362.69,0.9218,0.013507,0.036005,4.559010
3780,472,2.999934e-4,0.816961,2.2636,1591.09,0.9271,0.012131,0.033678,4.168646
3790,473,2.9999338e-4,0.758678,2.1355,1342.44,0.9529,0.012600,0.035395,4.023059
3800,475,2.9999335e-4,0.843914,2.3255,1385.49,0.9508,0.013352,0.036223,4.378731
3810,476,2.999933e-4,0.903641,2.4686,1434.58,0.9211,0.014194,0.039584,4.690239
3820,477,2.999933e-4,0.833244,2.3008,1714.90,0.9212,0.013449,0.037335,4.309400
3830,478,2.9999326e-4,0.903583,2.4684,1432.86,0.8876,0.014172,0.039149,4.780171
3840,480,2.999932e-4,0.855593,2.3528,1556.27,0.9231,0.013012,0.035760,4.461095
3850,481,2.9999315e-4,0.867677,2.3814,1583.39,0.9784,0.013290,0.037243,4.512892
3860,482,2.9999312e-4,0.773803,2.1680,1621.03,0.9768,0.012246,0.033451,3.959099
3870,483,2.9999312e-4,0.830523,2.2945,1411.99,0.9869,0.012577,0.034417,4.288280
3880,485,2.9999306e-4,0.848447,2.3360,1520.40,0.9941,0.013313,0.037589,4.474359
3890,486,2.9999303e-4,0.810566,2.2492,1671.60,1.0681,0.012991,0.035496,4.137568
3900,487,2.99993e-4,0.733411,2.0822,1449.64,0.9701,0.012631,0.034703,3.845337
3910,488,2.9999297e-4,0.768694,2.1569,1655.67,1.0231,0.012614,0.035135,3.987236
3920,490,2.999929e-4,0.769150,2.1579,1561.00,0.9999,0.013023,0.036429,3.982250
3930,491,2.9999285e-4,0.866089,2.3776,1546.76,0.9604,0.013696,0.038693,4.608535
3940,492,2.9999283e-4,0.785130,2.1927,1659.75,1.0169,0.012475,0.034654,4.051311
3950,493,2.9999283e-4,0.872894,2.3938,1748.43,0.9631,0.013545,0.037327,4.611935
3960,495,2.9999277e-4,0.868733,2.3839,1708.02,0.9969,0.013415,0.038250,4.527439
3970,496,2.9999274e-4,0.819372,2.2691,1735.26,0.9741,0.012656,0.035947,4.268136
3980,497,2.999927e-4,0.824222,2.2801,1811.91,0.9586,0.012751,0.035620,4.250677
3990,498,2.9999268e-4,0.869829,2.3865,1722.42,0.9846,0.013419,0.038106,4.475512
4000,500,2.9999262e-4,0.797248,2.2194,1484.69,1.0121,0.012175,0.034525,4.082444
4010,501,2.999926e-4,0.804542,2.2357,1633.67,0.9662,0.012556,0.035697,4.221447
4020,502,2.9999253e-4,0.820072,2.2707,1815.61,0.9868,0.012784,0.036695,4.232128
4030,503,2.999925e-4,0.748575,2.1140,1507.08,0.9791,0.012184,0.034111,3.846135
4040,505,2.9999248e-4,0.840865,2.3184,1408.17,1.0019,0.012866,0.036098,4.450044
4050,506,2.9999245e-4,0.801370,2.2286,2026.07,0.9759,0.012716,0.036412,4.175887
4060,507,2.999924e-4,0.718826,2.0520,1384.50,1.0353,0.012356,0.035976,3.625159
4070,508,2.9999236e-4,0.906289,2.4751,1611.43,0.9655,0.013348,0.036907,4.803839
4080,510,2.9999233e-4,0.802915,2.2320,1460.82,1.0154,0.013083,0.036880,4.101697
4090,511,2.999923e-4,0.791355,2.2064,1587.32,1.0225,0.012887,0.035904,4.029586
4100,512,2.9999224e-4,0.841109,2.3189,1478.76,0.9977,0.013304,0.037130,4.428233
4110,513,2.999922e-4,0.832043,2.2980,1739.71,1.0180,0.013126,0.037399,4.275646
4120,515,2.9999216e-4,0.725681,2.0661,1345.27,1.0234,0.012633,0.036287,3.714399
4130,516,2.9999213e-4,0.843770,2.3251,1605.36,0.9668,0.013362,0.038273,4.462673
4140,517,2.999921e-4,0.851384,2.3429,1820.58,0.9922,0.013126,0.037872,4.402100
4150,518,2.9999207e-4,0.794219,2.2127,1642.37,0.9586,0.012445,0.035612,4.103721
4160,520,2.99992e-4,0.822923,2.2771,1360.48,0.9832,0.013019,0.036849,4.352442
4170,521,2.9999198e-4,0.791610,2.2069,1440.90,1.0210,0.012164,0.035539,4.074527
4180,522,2.9999192e-4,0.803078,2.2324,1874.33,0.9969,0.012339,0.034880,4.112131
4190,523,2.9999192e-4,0.861098,2.3658,1375.89,0.9758,0.013116,0.036731,4.538302
4200,525,2.9999187e-4,0.835351,2.3056,1681.33,1.0292,0.013035,0.036704,4.307442
4210,526,2.9999184e-4,0.820328,2.2712,1598.81,1.0277,0.012907,0.037175,4.249319
4220,527,2.9999178e-4,0.766331,2.1519,1264.32,0.9948,0.013015,0.038422,4.018552
4230,528,2.9999175e-4,0.771188,2.1623,1693.21,1.0092,0.012815,0.036771,3.934953
4240,530,2.999917e-4,0.839211,2.3145,1468.87,0.9718,0.013454,0.037230,4.444869
4250,531,2.9999166e-4,0.822399,2.2760,1584.58,1.0032,0.012876,0.035936,4.332686
4260,532,2.9999163e-4,0.770568,2.1610,2105.96,1.0073,0.011749,0.033904,3.903033
4270,533,2.999916e-4,0.755861,2.1294,1394.56,1.0095,0.012032,0.034895,3.919515
4280,535,2.9999155e-4,0.806265,2.2395,1534.61,0.9622,0.012482,0.035747,4.250368
4290,536,2.9999152e-4,0.764527,2.1480,1362.65,0.9927,0.012417,0.036690,3.924084
4300,537,2.999915e-4,0.802477,2.2311,1680.92,0.9850,0.012863,0.036016,4.221423
4310,538,2.9999146e-4,0.804456,2.2355,1708.75,0.9595,0.013460,0.038338,4.258370
4320,540,2.999914e-4,0.784328,2.1909,1456.19,0.9903,0.013209,0.037671,4.073777
4330,541,2.9999137e-4,0.875008,2.3989,1610.01,0.9698,0.014200,0.039566,4.711485
4340,542,2.999913e-4,0.791070,2.2058,1288.56,0.9781,0.012622,0.036002,4.200919
4350,543,2.9999128e-4,0.753769,2.1250,1528.83,1.0248,0.012554,0.035862,3.932582
4360,545,2.9999122e-4,0.830759,2.2951,1814.05,0.9764,0.012914,0.036474,4.400229
4370,546,2.999912e-4,0.845522,2.3292,1929.41,0.9481,0.012944,0.036856,4.375436
4380,547,2.9999117e-4,0.852987,2.3466,1549.27,0.9545,0.013698,0.039437,4.463371
4390,548,2.9999114e-4,0.872376,2.3926,1465.32,0.9682,0.013763,0.041242,4.561355
4400,550,2.9999108e-4,0.795989,2.2166,1707.31,0.9833,0.013072,0.037884,4.181140
4410,551,2.9999102e-4,0.742676,2.1016,1739.98,0.9924,0.012454,0.037514,3.855062
4420,552,2.99991e-4,0.773193,2.1667,1364.11,0.9838,0.013118,0.038097,4.033820
4430,553,2.9999096e-4,0.842083,2.3212,2124.07,0.9898,0.013106,0.037323,4.339910
4440,555,2.999909e-4,0.765449,2.1500,1487.41,0.9550,0.012163,0.035623,4.101865
4450,556,2.9999085e-4,0.773945,2.1683,1303.36,1.0463,0.012023,0.036243,3.940658
4460,557,2.9999082e-4,0.769936,2.1596,1400.74,0.9861,0.012097,0.034797,4.042613
4470,558,2.999908e-4,0.747503,2.1117,1394.27,1.0094,0.012202,0.035492,3.839417
4480,560,2.9999073e-4,0.776714,2.1743,1401.29,1.0072,0.012466,0.036223,4.026017
4490,561,2.999907e-4,0.745885,2.1083,1403.70,1.0176,0.012095,0.036045,3.842746
4500,562,2.9999067e-4,0.768596,2.1567,1360.06,1.0012,0.012495,0.036581,4.013281
4510,563,2.9999064e-4,0.760724,2.1398,1451.88,0.9798,0.013109,0.038778,3.971233
4520,565,2.9999056e-4,0.841176,2.3191,1868.34,0.9835,0.013504,0.038391,4.434466
4530,566,2.9999053e-4,0.810355,2.2487,1638.84,0.9588,0.012729,0.035904,4.300719
4540,567,2.999905e-4,0.767880,2.1552,1576.17,1.0090,0.012615,0.037334,4.007903
4550,568,2.9999047e-4,0.817801,2.2655,1513.08,0.9618,0.013138,0.039891,4.355361
4560,570,2.9999038e-4,0.757190,2.1323,1634.27,0.9932,0.012601,0.036799,3.967495
4570,571,2.9999035e-4,0.790943,2.2055,1825.10,1.0091,0.013067,0.039120,4.039842
4580,572,2.9999032e-4,0.847326,2.3334,1278.47,0.9566,0.013792,0.040391,4.506546
4590,573,2.999903e-4,0.770280,2.1604,1850.49,0.9867,0.012542,0.037423,4.033035
4600,575,2.9999024e-4,0.804180,2.2349,1409.95,1.0042,0.012883,0.038807,4.211237
4610,576,2.999902e-4,0.766467,2.1521,1542.44,1.0031,0.012289,0.036805,3.990655
4620,577,2.9999018e-4,0.701124,2.0160,1303.26,0.9785,0.011478,0.034966,3.652968
4630,578,2.9999012e-4,0.775019,2.1706,1768.85,0.9633,0.011957,0.035026,4.069572
4640,580,2.9999006e-4,0.805932,2.2388,1227.44,0.9777,0.012518,0.036535,4.345223
4650,581,2.9999003e-4,0.771591,2.1632,1607.18,1.0092,0.012693,0.037726,3.996831
4660,582,2.9999e-4,0.811927,2.2522,2189.87,1.0188,0.013068,0.038657,4.154029
4670,583,2.9998994e-4,0.781069,2.1838,1778.44,1.0053,0.012430,0.036173,3.922258
4680,585,2.999899e-4,0.725663,2.0661,1764.36,0.9824,0.012173,0.036201,3.659067
4690,586,2.9998986e-4,0.805154,2.2370,1466.43,0.9813,0.013180,0.039676,4.205814
4700,587,2.999898e-4,0.751570,2.1203,1497.73,0.9977,0.012695,0.038718,3.903855
4710,588,2.9998977e-4,0.717545,2.0494,1602.62,0.9941,0.011964,0.036322,3.744785
4720,590,2.999897e-4,0.739735,2.0954,1405.48,0.9726,0.012409,0.037686,3.878222
4730,591,2.9998968e-4,0.806200,2.2394,1851.19,1.0080,0.013114,0.039792,4.122078
4740,592,2.9998962e-4,0.820619,2.2719,1382.44,0.9881,0.013063,0.038525,4.406556
4750,593,2.999896e-4,0.737400,2.0905,1347.16,0.9979,0.012352,0.035976,3.895873
4760,595,2.999895e-4,0.786096,2.1948,1496.93,0.9686,0.012015,0.035830,4.143418
4770,596,2.9998948e-4,0.769583,2.1589,1551.54,0.9893,0.012442,0.035396,4.034933
4780,597,2.9998945e-4,0.829778,2.2928,1681.96,1.0065,0.012874,0.038119,4.400608
4790,598,2.9998942e-4,0.849169,2.3377,1583.20,0.9384,0.013155,0.037814,4.631106
4800,600,2.9998936e-4,0.780746,2.1831,1696.45,0.9748,0.012683,0.037747,3.984676
4810,601,2.9998933e-4,0.791548,2.2068,1971.30,0.9918,0.012936,0.038087,4.126756
4820,602,2.9998927e-4,0.741509,2.0991,1458.19,0.9948,0.012836,0.037685,3.845076
4830,603,2.9998925e-4,0.812309,2.2531,1345.01,0.9440,0.013067,0.038855,4.262953
4840,605,2.9998916e-4,0.802221,2.2305,2014.34,0.9659,0.013194,0.038215,4.173800
4850,606,2.9998913e-4,0.736859,2.0894,1394.63,0.9821,0.012645,0.038009,3.862588
4860,607,2.999891e-4,0.773445,2.1672,1326.89,1.0308,0.012973,0.037687,4.037620
4870,608,2.9998907e-4,0.759234,2.1366,1272.87,0.9947,0.013229,0.038799,3.993032
4880,610,2.99989e-4,0.828526,2.2899,1607.78,0.9596,0.013251,0.037941,4.453423
4890,611,2.9998895e-4,0.765909,2.1509,1404.75,0.9877,0.012484,0.037659,4.033769
4900,612,2.9998893e-4,0.721267,2.0570,1643.83,0.9523,0.012299,0.036414,3.799213
4910,613,2.9998887e-4,0.735274,2.0861,1481.19,0.9782,0.012167,0.036680,3.831790
4920,615,2.999888e-4,0.782816,2.1876,1408.33,0.9706,0.012566,0.037539,4.026612
4930,616,2.9998878e-4,0.794566,2.2135,1493.57,1.0047,0.012363,0.036909,4.094997
4940,617,2.9998875e-4,0.704961,2.0238,1374.98,1.0315,0.012121,0.036439,3.591075
4950,618,2.9998872e-4,0.786820,2.1964,1310.52,1.0134,0.012871,0.037931,4.068142
4960,620,2.9998863e-4,0.754323,2.1262,1386.78,1.0019,0.012538,0.037471,3.965171
4970,621,2.9998858e-4,0.749816,2.1166,1445.67,1.0166,0.012755,0.038395,3.873162
4980,622,2.9998855e-4,0.831600,2.2970,1331.32,0.9954,0.013331,0.039448,4.457442
4990,623,2.9998852e-4,0.810859,2.2498,1521.05,0.9779,0.013324,0.039101,4.311582
5000,625,2.9998846e-4,0.764147,2.1472,1640.42,0.9889,0.012878,0.037890,3.973680
5010,626,2.999884e-4,0.754636,2.1268,1411.78,0.9721,0.012256,0.037500,4.038125
5020,627,2.9998837e-4,0.811916,2.2522,1654.60,0.9604,0.012771,0.038190,4.296041
5030,628,2.9998834e-4,0.753647,2.1247,1780.58,0.9620,0.012059,0.036465,3.919306
5040,630,2.9998826e-4,0.858880,2.3605,1442.56,0.9141,0.013257,0.039921,4.590997
5050,631,2.9998823e-4,0.830362,2.2941,1848.00,0.9673,0.012798,0.038216,4.327722
5060,632,2.999882e-4,0.750876,2.1189,1353.14,0.9806,0.012857,0.038545,3.920113
5070,633,2.9998814e-4,0.788699,2.2005,1651.89,0.9833,0.012678,0.038157,4.076021
5080,635,2.9998808e-4,0.703158,2.0201,1425.73,0.9478,0.012542,0.037829,3.681789
5090,636,2.9998805e-4,0.842615,2.3224,1364.34,0.9490,0.013343,0.040296,4.475837
5100,637,2.99988e-4,0.740131,2.0962,1444.71,1.0126,0.011994,0.037596,3.807616
5110,638,2.9998797e-4,0.783376,2.1888,1727.76,1.0200,0.012590,0.037500,4.068519
5120,640,2.9998788e-4,0.782904,2.1878,1549.95,0.9417,0.012496,0.037713,4.158912
5130,641,2.9998785e-4,0.779566,2.1805,1443.53,0.9553,0.012406,0.038466,4.063301
5140,642,2.9998782e-4,0.844378,2.3265,1336.30,0.9196,0.013095,0.040219,4.518747
5150,643,2.999878e-4,0.796694,2.2182,1788.04,0.9421,0.013065,0.039157,4.148301
5160,645,2.9998767e-4,0.777729,2.1765,1398.95,0.9581,0.012900,0.039144,4.032267
5170,646,2.9998765e-4,0.818472,2.2670,1412.41,0.9694,0.013564,0.040471,4.322967
5180,647,2.9998762e-4,0.767698,2.1548,1995.95,0.9756,0.013402,0.041126,3.890995
5190,648,2.999876e-4,0.854956,2.3513,1397.59,0.9707,0.013418,0.040806,4.508786
5200,650,2.999875e-4,0.803131,2.2325,1597.04,0.9756,0.012639,0.038283,4.122005
5210,651,2.9998747e-4,0.758394,2.1348,1599.21,1.0320,0.012442,0.037823,3.907036
5220,652,2.9998744e-4,0.709217,2.0324,1550.58,1.0195,0.011834,0.036247,3.620886
5230,653,2.9998738e-4,0.704172,2.0222,1483.94,1.0496,0.012008,0.036579,3.619888
5240,655,2.999873e-4,0.738997,2.0938,1417.52,0.9939,0.012526,0.037696,3.960261
5250,656,2.9998727e-4,0.727314,2.0695,1237.05,1.0270,0.012833,0.037990,3.740574
5260,657,2.9998724e-4,0.719754,2.0539,1626.91,1.0471,0.012556,0.037775,3.633537
5270,658,2.999872e-4,0.819744,2.2699,1418.17,0.9930,0.014279,0.043290,4.372721
5280,660,2.9998712e-4,0.676236,1.9665,1256.53,1.0297,0.012163,0.037352,3.449383
5290,661,2.9998706e-4,0.741130,2.0983,1488.67,0.9816,0.012702,0.037903,3.831250
5300,662,2.9998703e-4,0.718835,2.0520,1759.87,0.9777,0.012187,0.037184,3.732024
5310,663,2.99987e-4,0.778157,2.1775,1601.97,0.9782,0.012812,0.039453,4.039043
5320,665,2.9998692e-4,0.848600,2.3364,1867.12,0.9662,0.012941,0.039091,4.499495
5330,666,2.999869e-4,0.774218,2.1689,1434.75,1.0193,0.012645,0.038787,4.017289
5340,667,2.9998686e-4,0.760713,2.1398,1512.87,0.9820,0.012508,0.038712,4.010905
5350,668,2.999868e-4,0.787852,2.1987,1531.56,0.9901,0.013044,0.040195,4.182855
5360,670,2.999867e-4,0.703506,2.0208,1398.53,0.9852,0.012338,0.038468,3.685745
5370,671,2.9998668e-4,0.823307,2.2780,1949.25,0.9905,0.013512,0.040779,4.226946
5380,672,2.9998663e-4,0.754300,2.1261,2027.90,0.9742,0.012427,0.037469,3.849657
5390,673,2.999866e-4,0.787184,2.1972,1944.30,0.9637,0.013156,0.039992,4.137240
5400,675,2.9998654e-4,0.777077,2.1751,1548.73,0.9952,0.012415,0.037992,4.011070
5410,676,2.999865e-4,0.764942,2.1489,1406.27,1.0270,0.012341,0.037763,4.068367
5420,677,2.9998645e-4,0.767503,2.1544,1417.40,0.9928,0.012277,0.037426,3.969946
5430,678,2.999864e-4,0.690375,1.9945,1535.41,1.0108,0.011657,0.036820,3.539222
5440,680,2.9998634e-4,0.801550,2.2290,1383.59,0.9409,0.012478,0.037978,4.304397
5450,681,2.9998628e-4,0.795165,2.2148,1633.55,0.9742,0.012456,0.039126,4.117837
5460,682,2.9998625e-4,0.746368,2.1093,1824.17,1.0042,0.012126,0.037113,3.889120
5470,683,2.9998622e-4,0.808436,2.2444,1414.48,0.9829,0.012817,0.039167,4.182075
5480,685,2.999861e-4,0.707278,2.0285,1345.66,0.9780,0.011943,0.036685,3.764764
5490,686,2.9998607e-4,0.761945,2.1424,1320.76,0.9783,0.012327,0.037628,4.060320
5500,687,2.9998604e-4,0.788035,2.1991,1599.06,0.9947,0.012464,0.037904,4.156776
5510,688,2.99986e-4,0.757408,2.1327,1595.43,0.9823,0.012556,0.038990,3.871094
5520,690,2.9998593e-4,0.645546,1.9070,1744.55,1.0076,0.012212,0.038236,3.317270
5530,691,2.999859e-4,0.827862,2.2884,1480.67,0.9644,0.013520,0.042394,4.392450
5540,692,2.9998584e-4,0.790688,2.2049,1695.62,0.9913,0.013040,0.040900,4.131859
5550,693,2.9998578e-4,0.787943,2.1989,1569.16,0.9782,0.012814,0.040428,4.067778
5560,695,2.9998572e-4,0.719574,2.0536,1359.24,0.9832,0.012173,0.038165,3.797230
5570,696,2.9998567e-4,0.752233,2.1217,1309.48,1.0244,0.012469,0.037853,3.874632
5580,697,2.9998564e-4,0.705570,2.0250,1215.50,0.9756,0.012267,0.037625,3.702403
5590,698,2.999856e-4,0.806655,2.2404,1595.38,0.9660,0.012494,0.039047,4.409108
5600,700,2.999855e-4,0.700664,2.0151,1542.48,1.0085,0.012224,0.037350,3.603477
5610,701,2.9998546e-4,0.799138,2.2236,1594.56,0.9739,0.012912,0.041007,4.256337
5620,702,2.9998543e-4,0.773441,2.1672,1617.01,0.9681,0.012709,0.038937,4.051513
5630,703,2.9998538e-4,0.782942,2.1879,2001.61,0.9558,0.012513,0.038663,4.108117
5640,705,2.9998532e-4,0.676287,1.9666,1657.68,0.9528,0.012282,0.038356,3.504283
5650,706,2.9998526e-4,0.710299,2.0346,1499.74,0.9842,0.012367,0.039245,3.717880
5660,707,2.999852e-4,0.702557,2.0189,1627.61,1.0074,0.012700,0.038977,3.542799
5670,708,2.9998517e-4,0.773561,2.1675,1687.60,0.9757,0.012859,0.039773,3.986405
5680,710,2.9998508e-4,0.729892,2.0749,1915.16,0.9889,0.012457,0.039379,3.786203
5690,711,2.9998505e-4,0.788147,2.1993,1616.73,0.9672,0.012770,0.039705,4.217435
5700,712,2.9998503e-4,0.801002,2.2278,1505.75,0.9992,0.012671,0.039071,4.220552
5710,713,2.9998494e-4,0.732793,2.0809,1518.17,0.9968,0.011706,0.036502,3.756367
5720,715,2.9998488e-4,0.750633,2.1183,1545.66,0.9810,0.012270,0.039094,3.947498
5730,716,2.9998485e-4,0.717847,2.0500,1541.57,1.0171,0.012103,0.037151,3.698510
5740,717,2.999848e-4,0.776438,2.1737,1576.01,0.9764,0.013018,0.040136,4.133107
5750,718,2.9998476e-4,0.735809,2.0872,1415.81,0.9858,0.012327,0.038546,3.963961
5760,720,2.9998465e-4,0.775759,2.1722,1439.87,1.0014,0.013066,0.040982,4.083871
5770,721,2.9998462e-4,0.702056,2.0179,1872.76,1.0084,0.012573,0.038414,3.670415
5780,722,2.999846e-4,0.737577,2.0909,1516.97,0.9904,0.012504,0.039059,3.884543
5790,723,2.9998453e-4,0.694200,2.0021,1499.16,1.0092,0.011999,0.038211,3.593189
5800,725,2.9998444e-4,0.769516,2.1587,1742.22,0.9666,0.012742,0.039535,4.123008
5810,726,2.9998441e-4,0.739993,2.0959,1709.34,1.0069,0.012548,0.038751,3.828636
5820,727,2.999844e-4,0.745737,2.1080,1345.51,1.0025,0.012226,0.038025,3.836806
5830,728,2.9998433e-4,0.698242,2.0102,1422.62,1.0138,0.011715,0.035682,3.652068
5840,730,2.9998424e-4,0.721234,2.0570,1691.12,1.0154,0.011971,0.036487,3.712439
5850,731,2.9998418e-4,0.777579,2.1762,1393.78,0.9733,0.012265,0.037853,4.167336
5860,732,2.9998415e-4,0.772755,2.1657,1623.49,1.0290,0.012057,0.036424,3.973303
5870,733,2.9998412e-4,0.702148,2.0181,1377.42,1.0146,0.011691,0.036914,3.663868
5880,735,2.99984e-4,0.728655,2.0723,1488.67,0.9742,0.012251,0.039000,3.817954
5890,736,2.9998398e-4,0.700894,2.0156,1541.55,1.0443,0.011611,0.037063,3.547911
5900,737,2.9998392e-4,0.778326,2.1778,1478.24,1.0152,0.012852,0.039109,4.043542
5910,738,2.999839e-4,0.724778,2.0643,2075.78,1.0065,0.012196,0.038074,3.765943
5920,740,2.999838e-4,0.726822,2.0685,1316.08,0.9844,0.012488,0.039507,3.892275
5930,741,2.9998377e-4,0.729275,2.0736,1715.65,0.9658,0.012033,0.037893,3.864827
5940,742,2.9998372e-4,0.686448,1.9866,1467.27,0.9950,0.012451,0.038466,3.607069
5950,743,2.9998366e-4,0.787296,2.1974,1524.19,1.0010,0.013474,0.042076,4.097540
5960,745,2.9998357e-4,0.693321,2.0003,1586.67,1.0192,0.012386,0.039118,3.579383
5970,746,2.9998354e-4,0.698299,2.0103,1739.58,0.9929,0.011684,0.036738,3.572904
5980,747,2.999835e-4,0.729103,2.0732,1500.25,1.0076,0.011618,0.037496,3.724352
5990,748,2.9998343e-4,0.747241,2.1112,1654.07,1.0043,0.011715,0.037463,3.811137
6000,750,2.9998337e-4,0.765572,2.1502,1579.55,0.9967,0.012218,0.038585,4.015545
6010,751,2.999833e-4,0.700515,2.0148,1323.68,1.0067,0.011593,0.037488,3.665098
6020,752,2.9998328e-4,0.669804,1.9539,1653.21,1.0042,0.011453,0.036345,3.498882
6030,753,2.9998322e-4,0.665104,1.9447,1292.56,1.0218,0.012074,0.038039,3.363520
6040,755,2.9998313e-4,0.727816,2.0706,1440.93,1.0010,0.012271,0.038741,3.783486
6050,756,2.9998308e-4,0.749869,2.1167,1913.51,0.9804,0.012555,0.039665,3.897267
6060,757,2.9998305e-4,0.733179,2.0817,1543.69,0.9754,0.012884,0.040719,3.852609
6070,758,2.9998302e-4,0.663067,1.9407,1421.78,0.9891,0.012362,0.039096,3.484684
6080,760,2.9998293e-4,0.702544,2.0189,1616.04,1.0166,0.012562,0.039342,3.629441
6090,761,2.9998287e-4,0.751343,2.1198,1466.48,1.0049,0.012525,0.038170,3.947771
6100,762,2.999828e-4,0.695761,2.0052,1648.10,1.0262,0.012370,0.038264,3.556467
6110,763,2.9998278e-4,0.663022,1.9406,1563.72,1.0078,0.011977,0.037714,3.445600
6120,765,2.999827e-4,0.779763,2.1810,1335.14,0.9929,0.013036,0.041076,4.087093
6130,766,2.9998264e-4,0.719459,2.0533,1378.00,1.0301,0.012233,0.038465,3.740769
6140,767,2.999826e-4,0.692616,1.9989,1360.12,1.0075,0.012331,0.038749,3.595377
6150,768,2.9998255e-4,0.735362,2.0862,1362.54,1.0267,0.012297,0.037987,3.763411
6160,770,2.9998246e-4,0.793671,2.2115,1696.22,0.9913,0.012542,0.038872,4.127563
6170,771,2.999824e-4,0.660165,1.9351,1424.81,1.0359,0.011229,0.036909,3.375095
6180,772,2.9998238e-4,0.757260,2.1324,1652.97,0.9708,0.012216,0.038392,3.989758
6190,773,2.9998232e-4,0.712583,2.0393,1508.32,0.9730,0.012089,0.038875,3.740561
6200,775,2.9998223e-4,0.758330,2.1347,1875.63,0.9727,0.012931,0.039959,3.985556
6210,776,2.9998217e-4,0.768006,2.1555,1485.26,0.9833,0.012636,0.040135,4.093565
6220,777,2.9998214e-4,0.722633,2.0599,1721.12,1.0174,0.012279,0.039595,3.741507
6230,778,2.999821e-4,0.742149,2.1004,1870.45,1.0200,0.012495,0.040123,3.831011
6240,780,2.99982e-4,0.697182,2.0081,1404.58,0.9725,0.012397,0.039736,3.716465
6250,781,2.9998197e-4,0.686165,1.9861,2011.68,0.9792,0.012156,0.039911,3.589514
6260,782,2.999819e-4,0.739480,2.0948,1507.85,0.9630,0.012693,0.040852,3.854670
6270,783,2.9998185e-4,0.696187,2.0061,1379.79,1.0313,0.012491,0.040394,3.600503
6280,785,2.9998177e-4,0.760601,2.1396,1309.21,0.9810,0.012954,0.040352,4.035176
6290,786,2.9998174e-4,0.704280,2.0224,1786.49,0.9582,0.011601,0.037235,3.712310
6300,787,2.9998168e-4,0.783998,2.1902,1372.18,0.9531,0.012903,0.040248,4.157678
6310,788,2.9998165e-4,0.655870,1.9268,1673.74,0.9991,0.011469,0.035979,3.351228
6320,790,2.9998153e-4,0.688976,1.9917,1797.01,0.9781,0.011925,0.039730,3.550532
6330,791,2.999815e-4,0.735759,2.0871,1522.51,0.9666,0.012718,0.039731,3.947832
6340,792,2.9998145e-4,0.715591,2.0454,1731.70,0.9350,0.012564,0.039439,3.818717
6350,793,2.999814e-4,0.674886,1.9638,1371.40,0.9951,0.012431,0.039572,3.482892
6360,795,2.999813e-4,0.686292,1.9863,1339.56,1.0235,0.012333,0.038764,3.575740
6370,796,2.9998124e-4,0.753790,2.1250,1773.77,0.9929,0.013007,0.040188,3.920398
6380,797,2.999812e-4,0.629139,1.8760,1345.15,0.9794,0.011803,0.037703,3.289370
6390,798,2.9998115e-4,0.742599,2.1014,1501.15,1.0108,0.012916,0.041660,3.845809
6400,800,2.9998107e-4,0.671072,1.9563,1435.66,0.9904,0.012587,0.040381,3.522051
6410,801,2.9998104e-4,0.678422,1.9708,1562.20,0.9981,0.012132,0.040117,3.551728
6420,802,2.9998095e-4,0.682679,1.9792,1469.84,1.0204,0.011577,0.037476,3.508145
6430,803,2.9998092e-4,0.649893,1.9153,1529.60,1.0275,0.011716,0.038431,3.380358
6440,805,2.9998083e-4,0.724350,2.0634,1441.35,1.0197,0.011727,0.038022,3.771489
6450,806,2.9998078e-4,0.868104,2.3824,1601.79,0.9814,0.013255,0.041731,4.686032
6460,807,2.9998075e-4,0.731663,2.0785,1451.77,1.0250,0.012357,0.039795,3.788121
6470,808,2.999807e-4,0.759583,2.1374,2350.34,0.9798,0.012465,0.040569,3.883963
6480,810,2.999806e-4,0.700074,2.0139,1809.37,0.9814,0.011707,0.037944,3.625995
6490,811,2.9998054e-4,0.790897,2.2054,1425.36,0.9483,0.012763,0.041074,4.352962
6500,812,2.999805e-4,0.692961,1.9996,1560.67,1.0209,0.011876,0.038940,3.549531
6510,813,2.9998046e-4,0.746593,2.1098,1848.27,0.9773,0.012192,0.040480,3.884341
6520,815,2.9998034e-4,0.752999,2.1234,1307.24,0.9768,0.012139,0.040462,4.031850
6530,816,2.999803e-4,0.757167,2.1322,1567.01,0.9965,0.012145,0.040258,4.001902
6540,817,2.9998025e-4,0.746420,2.1094,1579.44,1.0124,0.012449,0.040595,3.910816
6550,818,2.999802e-4,0.717970,2.0503,1653.96,0.9910,0.012089,0.038635,3.765496
6560,820,2.999801e-4,0.679921,1.9737,1551.96,1.0133,0.011902,0.038532,3.481511
6570,821,2.9998005e-4,0.740588,2.0972,1354.04,1.0023,0.012103,0.039264,3.928444
6580,822,2.9998002e-4,0.742350,2.1009,1772.35,0.9388,0.012079,0.038645,3.916443
6590,823,2.9997996e-4,0.677527,1.9690,1604.64,0.9643,0.011306,0.035972,3.470857
6600,825,2.9997987e-4,0.761852,2.1422,1723.37,0.9245,0.012384,0.039509,3.956608
6610,826,2.9997982e-4,0.711383,2.0368,1192.39,0.9374,0.012484,0.039859,3.750700
6620,827,2.9997976e-4,0.680359,1.9746,1530.25,0.9516,0.012519,0.040504,3.501722
6630,828,2.999797e-4,0.733410,2.0822,1616.67,0.9374,0.012383,0.039478,3.803933
6640,830,2.999796e-4,0.683244,1.9803,1699.97,0.9775,0.012004,0.040181,3.457013
6650,831,2.9997958e-4,0.733999,2.0834,1423.36,0.9656,0.013127,0.042510,3.824006
6660,832,2.9997953e-4,0.749112,2.1151,1630.59,0.9627,0.013288,0.042506,3.925852
6670,833,2.9997947e-4,0.677807,1.9696,1752.67,0.9608,0.011934,0.038275,3.541620
6680,835,2.9997938e-4,0.728761,2.0725,1618.16,0.9907,0.012140,0.038601,3.835717
6690,836,2.9997932e-4,0.724447,2.0636,1622.48,0.9925,0.011805,0.038443,3.717528
6700,837,2.9997926e-4,0.664047,1.9426,1486.49,0.9450,0.011380,0.037799,3.451359
6710,838,2.9997923e-4,0.659794,1.9344,1335.13,0.9669,0.011572,0.038166,3.426020
6720,840,2.9997912e-4,0.702949,2.0197,1361.76,1.0186,0.011967,0.039778,3.643825
6730,841,2.999791e-4,0.779523,2.1804,1502.01,0.9442,0.012462,0.040770,4.190089
6740,842,2.9997903e-4,0.747023,2.1107,1520.88,0.9713,0.012197,0.039998,4.016303
6750,843,2.9997897e-4,0.694448,2.0026,1889.77,0.9556,0.011672,0.039078,3.608581
6760,845,2.9997886e-4,0.769518,2.1587,1721.59,0.9264,0.012199,0.039821,4.023501
6770,846,2.9997883e-4,0.697047,2.0078,1308.30,0.9449,0.011486,0.037724,3.653870
6780,847,2.9997877e-4,0.644480,1.9050,1324.56,0.9857,0.010867,0.035612,3.317031
6790,848,2.999787e-4,0.666341,1.9471,1257.54,0.9662,0.011575,0.037351,3.462865
6800,850,2.9997862e-4,0.641205,1.8988,1297.48,1.0091,0.011448,0.038015,3.254688
6810,851,2.9997856e-4,0.671211,1.9566,1403.44,0.9675,0.012087,0.039133,3.513975
6820,852,2.999785e-4,0.653631,1.9225,1640.99,0.9742,0.012055,0.038718,3.384162
6830,853,2.9997848e-4,0.672935,1.9600,1445.08,0.9606,0.012058,0.039561,3.543061
6840,855,2.9997836e-4,0.693867,2.0014,1885.70,0.9536,0.012022,0.038146,3.594133
6850,856,2.9997833e-4,0.712205,2.0385,1327.69,0.9614,0.012296,0.040914,3.704673
6860,857,2.9997827e-4,0.708833,2.0316,1343.61,0.9818,0.012370,0.040298,3.706452
6870,858,2.9997822e-4,0.752865,2.1231,1570.15,0.9437,0.012693,0.040970,4.038568
6880,860,2.9997813e-4,0.687072,1.9879,1315.21,1.0049,0.012087,0.039720,3.610530
6890,861,2.9997807e-4,0.767368,2.1541,1456.13,0.9497,0.012638,0.041073,4.121098
6900,862,2.99978e-4,0.835661,2.3063,1393.31,0.9533,0.013408,0.043552,4.431470
6910,863,2.9997795e-4,0.751504,2.1202,2112.78,0.9674,0.012814,0.041587,3.907710
6920,865,2.9997787e-4,0.754950,2.1275,1287.02,0.9481,0.012522,0.041175,3.963351
6930,866,2.999778e-4,0.732161,2.0796,1634.39,0.9473,0.012234,0.039192,3.834504
6940,867,2.9997775e-4,0.685506,1.9848,1866.35,0.9585,0.011598,0.038529,3.489185
6950,868,2.9997772e-4,0.772753,2.1657,1426.65,0.9082,0.012688,0.041317,4.103770
6960,870,2.999776e-4,0.767637,2.1547,1622.17,0.9211,0.012264,0.039093,4.123377
6970,871,2.9997755e-4,0.759539,2.1373,1824.35,0.9114,0.012562,0.040576,3.962749
6980,872,2.999775e-4,0.687231,1.9882,1556.65,1.0031,0.011781,0.039609,3.533977
6990,873,2.9997746e-4,0.697254,2.0082,1418.46,0.9741,0.012058,0.040171,3.627860
7000,875,2.9997734e-4,0.710317,2.0346,1448.70,0.9972,0.012458,0.040449,3.645544
7010,876,2.9997728e-4,0.728725,2.0724,2000.82,0.9731,0.011786,0.039068,3.732089
7020,877,2.9997726e-4,0.800100,2.2258,1347.55,0.9511,0.013189,0.042758,4.231095
7030,878,2.999772e-4,0.696853,2.0074,1526.34,0.9489,0.011980,0.039367,3.688345
7040,880,2.999771e-4,0.702383,2.0186,1491.88,0.9042,0.011670,0.037940,3.728933
7050,881,2.9997702e-4,0.660680,1.9361,1347.66,0.9374,0.011789,0.039815,3.474974
7060,882,2.99977e-4,0.733241,2.0818,1401.58,0.9191,0.012355,0.040218,3.854642
7070,883,2.9997693e-4,0.744313,2.1050,1379.20,0.9024,0.012606,0.042137,3.925516
7080,885,2.9997682e-4,0.749756,2.1165,1408.99,0.9866,0.012163,0.040035,3.908942
7090,886,2.999768e-4,0.640123,1.8967,1569.63,0.9901,0.011707,0.039373,3.300739
7100,887,2.999767e-4,0.761474,2.1414,1538.05,0.9609,0.012673,0.041249,4.047403
7110,888,2.9997667e-4,0.808711,2.2450,1654.71,0.9507,0.013109,0.042752,4.217331
7120,890,2.9997656e-4,0.733743,2.0829,1291.31,0.9587,0.012486,0.040409,3.935027
7130,891,2.9997653e-4,0.702992,2.0198,1541.52,0.9706,0.012067,0.039358,3.702681
7140,892,2.9997644e-4,0.657900,1.9307,1633.38,0.9849,0.011470,0.037850,3.349862
7150,893,2.999764e-4,0.700934,2.0156,1680.09,0.9293,0.011974,0.039220,3.702438
7160,895,2.999763e-4,0.674603,1.9633,1497.97,0.9721,0.011392,0.037810,3.467473
7170,896,2.9997624e-4,0.711570,2.0372,1499.71,0.9432,0.012338,0.041077,3.725890
7180,897,2.999762e-4,0.688438,1.9906,1786.73,0.9691,0.011996,0.039979,3.503458
7190,898,2.9997612e-4,0.772957,2.1662,1771.47,0.9311,0.012191,0.038965,3.965826
7200,900,2.9997603e-4,0.714792,2.0438,1887.30,0.9348,0.012263,0.040296,3.705211
7210,901,2.9997597e-4,0.667695,1.9497,1546.07,0.9489,0.011758,0.039054,3.410875
7220,902,2.9997592e-4,0.644591,1.9052,1451.96,0.9796,0.011888,0.039162,3.342577
7230,903,2.999759e-4,0.648430,1.9125,1246.10,0.9829,0.011924,0.039851,3.418861
7240,905,2.9997577e-4,0.686711,1.9872,1348.79,1.0163,0.012605,0.041752,3.504117
7250,906,2.999757e-4,0.690350,1.9944,1504.26,0.9444,0.012667,0.042226,3.661466
7260,907,2.9997565e-4,0.776335,2.1735,1766.05,0.9279,0.012616,0.041394,4.104548
7270,908,2.999756e-4,0.736731,2.0891,1388.70,0.9132,0.012134,0.040610,3.867240
7280,910,2.9997548e-4,0.686284,1.9863,1650.79,0.9405,0.011610,0.039190,3.602868
7290,911,2.9997545e-4,0.705598,2.0251,1476.60,0.9309,0.011787,0.039431,3.745506
7300,912,2.999754e-4,0.720066,2.0546,1524.31,0.9756,0.011861,0.039205,3.801577
7310,913,2.9997533e-4,0.760937,2.1403,1618.56,0.9654,0.012216,0.040169,4.042912
7320,915,2.9997522e-4,0.667243,1.9489,1774.29,0.9755,0.011832,0.040351,3.444585
7330,916,2.9997516e-4,0.703753,2.0213,1403.11,0.9634,0.012047,0.039905,3.710767
7340,917,2.9997513e-4,0.693018,1.9997,1291.00,0.9612,0.011949,0.039354,3.617834
7350,918,2.9997507e-4,0.719771,2.0540,1621.37,0.9054,0.012677,0.041919,3.823370
7360,920,2.9997496e-4,0.649993,1.9155,1383.46,0.9616,0.011803,0.039411,3.389773
7370,921,2.999749e-4,0.727066,2.0690,1453.45,0.9629,0.012366,0.040509,3.899408
7380,922,2.9997484e-4,0.606903,1.8347,1337.19,0.9998,0.011468,0.038940,3.116083
7390,923,2.9997478e-4,0.667018,1.9484,1478.20,0.9073,0.012012,0.040541,3.511576
7400,925,2.999747e-4,0.723090,2.0608,1265.30,0.9222,0.012628,0.042125,3.861953
7410,926,2.999746e-4,0.739132,2.0941,1305.23,0.8980,0.012185,0.040970,3.884705
7420,927,2.9997458e-4,0.691924,1.9976,1218.71,0.9470,0.011913,0.040760,3.525520
7430,928,2.9997452e-4,0.626477,1.8710,1407.19,0.9848,0.011698,0.039529,3.225661
7440,930,2.999744e-4,0.677398,1.9687,1395.25,0.9564,0.011491,0.037714,3.553563
7450,931,2.9997437e-4,0.678994,1.9719,1618.05,0.9219,0.011492,0.038471,3.539442
7460,932,2.999743e-4,0.671646,1.9575,1834.90,0.9529,0.011651,0.039192,3.441052
7470,933,2.9997423e-4,0.677531,1.9690,1680.12,0.9940,0.011883,0.038178,3.476430
7480,935,2.9997414e-4,0.671758,1.9577,1486.13,0.9884,0.012035,0.041274,3.461608
7490,936,2.9997408e-4,0.750386,2.1178,1502.70,0.9282,0.012074,0.040461,3.940596
7500,937,2.99974e-4,0.680841,1.9755,1322.18,0.9380,0.011793,0.039574,3.490883
7510,938,2.9997397e-4,0.575638,1.7783,1337.44,0.9087,0.011139,0.036959,3.026076
7520,940,2.9997385e-4,0.765747,2.1506,1755.59,0.9254,0.012508,0.041116,4.123526
7530,941,2.999738e-4,0.694185,2.0021,1712.11,1.0093,0.011452,0.037612,3.468034
7540,942,2.9997376e-4,0.654040,1.9233,1362.68,0.9445,0.012096,0.041132,3.389260
7550,943,2.9997368e-4,0.706706,2.0273,1513.18,0.9566,0.012172,0.040261,3.715833
7560,945,2.9997356e-4,0.749630,2.1162,1390.05,0.9434,0.012919,0.042038,3.866898
7570,946,2.9997353e-4,0.701328,2.0164,1442.76,0.9395,0.012068,0.040034,3.681802
7580,947,2.9997347e-4,0.671463,1.9571,1453.84,0.9340,0.011516,0.038247,3.459119
7590,948,2.9997338e-4,0.702548,2.0189,1968.82,0.9390,0.011341,0.038312,3.601493
7600,950,2.999733e-4,0.636673,1.8902,1455.09,0.9708,0.011332,0.038403,3.252303
7610,951,2.9997324e-4,0.729802,2.0747,1908.35,0.9340,0.011740,0.039224,3.825370
7620,952,2.9997318e-4,0.693393,2.0005,1320.72,0.9419,0.011845,0.039774,3.696458
7630,953,2.9997312e-4,0.687945,1.9896,1439.79,0.9746,0.011299,0.038924,3.558018
7640,955,2.99973e-4,0.685223,1.9842,1148.83,0.9398,0.011861,0.041012,3.628630
7650,956,2.9997295e-4,0.684887,1.9835,1498.00,0.9655,0.011955,0.040737,3.569288
7660,957,2.999729e-4,0.658433,1.9318,1397.97,0.9519,0.012268,0.041706,3.499531
7670,958,2.9997286e-4,0.726697,2.0682,1621.30,0.9512,0.011915,0.039442,3.821291
7680,960,2.9997271e-4,0.691248,1.9962,1491.51,1.0113,0.011827,0.040144,3.580938
7690,961,2.999727e-4,0.745908,2.1084,1517.71,0.9555,0.012006,0.040175,4.031725
7700,962,2.9997263e-4,0.631242,1.8799,1820.79,0.9518,0.011200,0.037771,3.310530
7710,963,2.9997257e-4,0.652665,1.9207,1795.45,0.9629,0.011773,0.040110,3.353555
7720,965,2.9997245e-4,0.706312,2.0265,1469.85,0.8917,0.012018,0.039994,3.762390
7730,966,2.999724e-4,0.734268,2.0840,1876.57,0.9169,0.012478,0.041663,3.848301
7740,967,2.9997234e-4,0.687340,1.9884,1362.94,0.9124,0.012179,0.042001,3.662764
7750,968,2.9997228e-4,0.714181,2.0425,1683.41,0.9151,0.012198,0.042087,3.732099
7760,970,2.9997216e-4,0.659681,1.9342,1230.90,0.9543,0.011131,0.038244,3.449003
7770,971,2.999721e-4,0.647311,1.9104,1357.68,0.9533,0.011220,0.038028,3.454763
7780,972,2.9997205e-4,0.641382,1.8991,1409.39,0.9522,0.011453,0.039048,3.297248
7790,973,2.99972e-4,0.716344,2.0469,2077.96,0.9682,0.011887,0.039696,3.703672
7800,975,2.9997187e-4,0.689315,1.9923,1067.72,0.9058,0.011874,0.039005,3.609234
7810,976,2.999718e-4,0.647028,1.9099,1481.84,0.9448,0.011356,0.038443,3.411261
7820,977,2.9997175e-4,0.627701,1.8733,1539.77,0.9775,0.011476,0.038243,3.223756
7830,978,2.999717e-4,0.668002,1.9503,2596.50,0.9228,0.011498,0.037586,3.476735
7840,980,2.9997158e-4,0.661857,1.9384,1205.43,0.9203,0.011538,0.038738,3.392723
7850,981,2.9997152e-4,0.684285,1.9824,1793.89,0.9665,0.011606,0.039350,3.507441
7860,982,2.9997146e-4,0.728020,2.0710,1274.46,0.9667,0.012052,0.041156,3.754064
7870,983,2.999714e-4,0.704599,2.0230,1586.84,0.9860,0.011941,0.040323,3.672049
7880,985,2.999713e-4,0.722904,2.0604,2175.44,0.9593,0.011674,0.039577,3.744003
7890,986,2.9997123e-4,0.672417,1.9590,1475.05,0.9066,0.012054,0.041149,3.579332
7900,987,2.9997117e-4,0.699109,2.0120,1550.87,0.9439,0.012004,0.040578,3.605676
7910,988,2.999711e-4,0.645319,1.9066,1375.99,1.0151,0.011541,0.039377,3.279875
7920,990,2.99971e-4,0.703885,2.0216,1646.72,0.9340,0.011709,0.038823,3.649204
7930,991,2.9997094e-4,0.725951,2.0667,1181.35,0.9086,0.012452,0.041471,3.878522
7940,992,2.9997088e-4,0.634930,1.8869,1355.98,0.9680,0.011110,0.037208,3.260921
7950,993,2.9997082e-4,0.677118,1.9682,1805.98,0.9076,0.011727,0.039112,3.521109
7960,995,2.999707e-4,0.678840,1.9716,1472.00,0.9493,0.011892,0.040740,3.529205
7970,996,2.9997065e-4,0.595171,1.8133,1211.09,0.9639,0.011332,0.039521,3.109013
7980,997,2.999706e-4,0.676161,1.9663,1568.12,0.9433,0.012323,0.041438,3.637964
7990,998,2.9997053e-4,0.690461,1.9946,1481.59,0.9612,0.012753,0.043183,3.662144
8000,1000,2.9997042e-4,0.649194,1.9140,1743.37,1.0140,0.011800,0.040881,3.322363
8010,1001,2.9997033e-4,0.618915,1.8569,1420.57,0.9853,0.011333,0.038786,3.176288
8020,1002,2.999703e-4,0.673628,1.9613,1426.92,0.9737,0.011187,0.037028,3.554242
8030,1003,2.999702e-4,0.742284,2.1007,1524.71,0.9130,0.012144,0.041624,3.960621
8040,1005,2.9997012e-4,0.719155,2.0527,1768.86,0.9041,0.012095,0.041556,3.856818
8050,1006,2.9997004e-4,0.663265,1.9411,1438.73,0.9134,0.011482,0.038697,3.514524
8060,1007,2.9996998e-4,0.699628,2.0130,1442.36,0.9740,0.012002,0.040827,3.687450
8070,1008,2.9996992e-4,0.664344,1.9432,1496.79,0.9632,0.011559,0.039376,3.487288
8080,1010,2.9996983e-4,0.691779,1.9973,1545.33,0.9905,0.012254,0.042773,3.581488
8090,1011,2.9996975e-4,0.678411,1.9707,1552.41,1.0026,0.011828,0.039428,3.490596
8100,1012,2.999697e-4,0.627039,1.8721,1378.91,0.9432,0.011685,0.040233,3.275931
8110,1013,2.9996963e-4,0.636501,1.8899,1354.22,1.0118,0.011625,0.040256,3.286922
8120,1015,2.999695e-4,0.749323,2.1156,1443.32,0.9571,0.012861,0.042303,4.065567
8130,1016,2.9996946e-4,0.663842,1.9422,1766.89,0.9768,0.011750,0.039160,3.437118
8140,1017,2.999694e-4,0.735736,2.0870,1721.33,0.9113,0.012494,0.041575,3.919748
8150,1018,2.9996934e-4,0.660804,1.9363,1407.49,0.8996,0.011600,0.038951,3.491478
8160,1020,2.9996922e-4,0.664169,1.9429,1196.35,0.9735,0.011807,0.040249,3.427953
8170,1021,2.9996914e-4,0.668840,1.9520,1353.09,0.9904,0.011893,0.039502,3.486086
8180,1022,2.9996908e-4,0.654621,1.9244,1579.79,0.9794,0.011491,0.039169,3.393234
8190,1023,2.9996902e-4,0.707906,2.0297,1559.09,0.8828,0.012138,0.041181,3.775049
8200,1025,2.999689e-4,0.680195,1.9743,1898.88,0.8777,0.012003,0.040893,3.546559
8210,1026,2.9996884e-4,0.634407,1.8859,1415.21,0.9243,0.011478,0.040104,3.267964
8220,1027,2.999688e-4,0.647039,1.9099,1566.72,0.9536,0.011476,0.039458,3.432545
8230,1028,2.9996873e-4,0.708321,2.0306,1831.10,0.9301,0.011985,0.040450,3.701522
8240,1030,2.999686e-4,0.677016,1.9680,1674.16,0.9216,0.011651,0.039876,3.587235
8250,1031,2.9996852e-4,0.716842,2.0480,1608.42,0.9290,0.012386,0.042259,3.726730
8260,1032,2.9996847e-4,0.618527,1.8562,1429.36,0.9364,0.011516,0.040263,3.205494
8270,1033,2.9996844e-4,0.642954,1.9021,1422.77,0.9665,0.011624,0.039802,3.293940
8280,1035,2.999683e-4,0.660409,1.9356,1327.68,0.9842,0.011750,0.041165,3.441070
8290,1036,2.9996823e-4,0.667402,1.9492,1593.85,0.9757,0.011534,0.040433,3.492637
8300,1037,2.9996817e-4,0.677370,1.9687,1448.47,0.9829,0.011819,0.041332,3.528341
8310,1038,2.9996812e-4,0.677232,1.9684,1292.06,0.9914,0.011431,0.039338,3.495037
8320,1040,2.99968e-4,0.708153,2.0302,1566.45,0.9213,0.011855,0.041097,3.771190
8330,1041,2.999679e-4,0.671824,1.9578,1666.61,0.9424,0.011638,0.040251,3.491501
8340,1042,2.9996785e-4,0.671274,1.9567,1324.24,0.9875,0.011656,0.041037,3.463082
8350,1043,2.999678e-4,0.711455,2.0370,1814.02,0.9301,0.012199,0.041420,3.700291
8360,1045,2.9996768e-4,0.653120,1.9215,1374.62,0.9783,0.011471,0.040043,3.471142
8370,1046,2.9996762e-4,0.628434,1.8747,1374.79,0.9786,0.012038,0.040932,3.252398
8380,1047,2.9996756e-4,0.643524,1.9032,1439.91,0.9331,0.011926,0.043049,3.331404
8390,1048,2.999675e-4,0.648773,1.9132,1241.73,0.8874,0.011751,0.040216,3.410901
8400,1050,2.999674e-4,0.711113,2.0363,2144.21,0.9162,0.012277,0.041503,3.686974
8410,1051,2.999673e-4,0.646685,1.9092,1275.94,0.9529,0.011524,0.040205,3.384876
8420,1052,2.9996724e-4,0.688309,1.9903,1477.98,0.9314,0.011910,0.040836,3.645098
8430,1053,2.9996719e-4,0.679968,1.9738,1490.12,0.9569,0.011136,0.037326,3.618117
8440,1055,2.9996707e-4,0.644802,1.9056,1394.36,0.9706,0.011357,0.039083,3.367531
8450,1056,2.9996698e-4,0.705145,2.0241,1806.54,0.9795,0.012145,0.040464,3.683035
8460,1057,2.9996692e-4,0.650047,1.9156,1653.89,0.9175,0.011191,0.037953,3.371138
8470,1058,2.9996686e-4,0.688200,1.9901,1180.97,0.9601,0.012070,0.044487,3.549730
8480,1060,2.9996675e-4,0.598703,1.8198,1752.09,0.9623,0.011248,0.039589,3.090089
8490,1061,2.999667e-4,0.643964,1.9040,1629.10,0.9505,0.011185,0.039088,3.358060
8500,1062,2.9996663e-4,0.672962,1.9600,1544.73,0.9359,0.011598,0.038541,3.474958
8510,1063,2.9996654e-4,0.621183,1.8611,1383.38,0.9587,0.011177,0.039204,3.326642
8520,1065,2.9996646e-4,0.625044,1.8683,1634.42,0.9193,0.011357,0.039850,3.308501
8530,1066,2.9996637e-4,0.699481,2.0127,1522.90,0.9728,0.011931,0.041387,3.641687
8540,1067,2.999663e-4,0.642301,1.9009,1244.70,0.9432,0.011760,0.040512,3.343536
8550,1068,2.9996625e-4,0.671458,1.9571,1559.74,0.9451,0.011711,0.041918,3.527783
8560,1070,2.999661e-4,0.702081,2.0179,1619.04,0.9665,0.012551,0.042008,3.693627
8570,1071,2.9996605e-4,0.644385,1.9048,1533.21,0.9583,0.011445,0.039933,3.326018
8580,1072,2.99966e-4,0.664051,1.9426,1615.14,0.9291,0.011731,0.040075,3.564540
8590,1073,2.9996593e-4,0.719705,2.0538,1508.17,0.9538,0.012376,0.042180,3.802433
8600,1075,2.999658e-4,0.663782,1.9421,1377.13,0.9413,0.011062,0.038470,3.533497
8610,1076,2.9996573e-4,0.625138,1.8685,1630.83,0.9808,0.011105,0.039821,3.263138
8620,1077,2.9996567e-4,0.691909,1.9975,1256.17,0.9585,0.012053,0.039938,3.741166
8630,1078,2.999656e-4,0.642305,1.9009,1910.69,0.9776,0.011629,0.040552,3.352010
8640,1080,2.9996547e-4,0.622660,1.8639,1238.75,0.9879,0.011546,0.039560,3.249599
8650,1081,2.999654e-4,0.699272,2.0123,1400.01,0.9634,0.012378,0.041917,3.705846
8660,1082,2.9996535e-4,0.727701,2.0703,1553.38,0.9806,0.012558,0.042688,3.804125
8670,1083,2.999653e-4,0.642413,1.9011,1744.15,0.9888,0.011749,0.041145,3.258840
8680,1085,2.9996515e-4,0.618254,1.8557,1337.30,0.9355,0.011459,0.040389,3.254074
8690,1086,2.999651e-4,0.644135,1.9043,1508.29,0.9669,0.011686,0.042105,3.363549
8700,1087,2.9996503e-4,0.610416,1.8412,1406.58,0.9553,0.011228,0.040736,3.148422
8710,1088,2.9996497e-4,0.651380,1.9182,1524.35,0.9700,0.011032,0.039412,3.292681
8720,1090,2.9996483e-4,0.657359,1.9297,1394.96,0.9375,0.011267,0.039771,3.487604
8730,1091,2.9996477e-4,0.726794,2.0684,1652.25,0.8924,0.012056,0.042575,3.892611
8740,1092,2.999647e-4,0.645445,1.9068,1877.53,0.9215,0.011164,0.039155,3.312447
8750,1093,2.9996465e-4,0.614592,1.8489,1280.65,0.9301,0.011297,0.040161,3.247291
8760,1095,2.999645e-4,0.640154,1.8968,1694.58,0.9314,0.011055,0.038629,3.317536
8770,1096,2.9996445e-4,0.641440,1.8992,1367.32,0.9472,0.010956,0.038724,3.296399
8780,1097,2.999644e-4,0.708967,2.0319,1747.82,0.9063,0.011919,0.041723,3.690453
8790,1098,2.9996433e-4,0.638198,1.8931,1469.24,0.9014,0.011079,0.038274,3.350993
8800,1100,2.999642e-4,0.606906,1.8347,1420.57,1.0025,0.011179,0.039061,3.110901
8810,1101,2.9996413e-4,0.673193,1.9605,1436.87,0.9113,0.011058,0.038795,3.504569
8820,1102,2.9996407e-4,0.687747,1.9892,1287.14,0.9328,0.011911,0.041585,3.628190
8830,1103,2.9996398e-4,0.690872,1.9955,1687.44,0.9356,0.011606,0.040134,3.673394
8840,1105,2.9996387e-4,0.619053,1.8572,1472.03,0.9279,0.011445,0.039235,3.224815
8850,1106,2.999638e-4,0.661216,1.9371,1411.63,0.9395,0.011403,0.039031,3.380540
8860,1107,2.9996375e-4,0.602928,1.8275,1506.01,0.9419,0.011466,0.041016,3.094053
8870,1108,2.9996366e-4,0.682348,1.9785,1763.14,0.9616,0.011479,0.040161,3.489038
8880,1110,2.9996355e-4,0.625332,1.8689,1495.73,0.9262,0.011948,0.042198,3.213516
8890,1111,2.9996346e-4,0.653805,1.9228,1770.60,0.9798,0.011887,0.041023,3.389821
8900,1112,2.999634e-4,0.687429,1.9886,1478.00,0.9430,0.011787,0.040446,3.569939
8910,1113,2.9996334e-4,0.622388,1.8634,1305.03,0.9466,0.011272,0.039293,3.257241
8920,1115,2.999632e-4,0.665835,1.9461,1679.20,0.9074,0.011470,0.040339,3.543694
8930,1116,2.9996314e-4,0.780126,2.1817,1224.89,0.8887,0.012669,0.043501,4.142129
8940,1117,2.9996305e-4,0.650222,1.9160,1481.08,0.9373,0.011834,0.041040,3.405670
8950,1118,2.99963e-4,0.637517,1.8918,1576.50,0.9331,0.011625,0.039612,3.292442
8960,1120,2.9996288e-4,0.640143,1.8968,1488.23,0.9068,0.011585,0.040555,3.339060
8970,1121,2.9996282e-4,0.668861,1.9520,1515.75,0.9249,0.011285,0.038298,3.463310
8980,1122,2.9996273e-4,0.638111,1.8929,1400.43,0.9825,0.011606,0.041151,3.322018
8990,1123,2.9996267e-4,0.599836,1.8218,1478.46,0.9595,0.011453,0.040369,3.160044
9000,1125,2.9996256e-4,0.668410,1.9511,1481.50,0.9461,0.011467,0.039587,3.495001
9010,1126,2.9996247e-4,0.708084,2.0301,1537.52,0.9049,0.012181,0.042380,3.735281
9020,1127,2.999624e-4,0.599617,1.8214,1335.33,1.0065,0.010747,0.037575,3.103372
9030,1128,2.9996235e-4,0.551534,1.7359,1404.63,1.0111,0.010545,0.038902,2.801281
9040,1130,2.999622e-4,0.609889,1.8402,1737.45,0.9757,0.010786,0.038340,3.103858
9050,1131,2.9996212e-4,0.644966,1.9059,1462.76,0.9326,0.011143,0.040172,3.350766
9060,1132,2.9996206e-4,0.655230,1.9256,1393.21,0.9819,0.011729,0.041184,3.433531
9070,1133,2.99962e-4,0.624254,1.8669,1775.03,0.9537,0.011211,0.040226,3.202729
9080,1135,2.9996186e-4,0.622120,1.8629,1463.73,1.0116,0.011354,0.040254,3.178621
9090,1136,2.999618e-4,0.786086,2.1948,1417.46,0.9297,0.012936,0.044861,4.247125
9100,1137,2.9996174e-4,0.635529,1.8880,1756.16,0.9367,0.011875,0.041128,3.317706
9110,1138,2.9996168e-4,0.599954,1.8220,1449.01,0.9148,0.011336,0.041426,3.106837
9120,1140,2.9996154e-4,0.602965,1.8275,1647.91,0.9334,0.011138,0.039798,3.093979
9130,1141,2.9996148e-4,0.674264,1.9626,1549.13,0.9259,0.012010,0.041766,3.515854
9140,1142,2.999614e-4,0.637780,1.8923,1386.63,0.9202,0.011603,0.041147,3.413711
9150,1143,2.9996134e-4,0.640647,1.8977,1556.97,0.9214,0.011533,0.039419,3.326062
9160,1145,2.999612e-4,0.651117,1.9177,1133.69,0.8858,0.011804,0.041718,3.433583
9170,1146,2.9996113e-4,0.708851,2.0317,1959.53,0.9214,0.012403,0.041535,3.749066
9180,1147,2.9996107e-4,0.578158,1.7828,1332.16,1.0093,0.011004,0.038606,2.940975
9190,1148,2.9996102e-4,0.635899,1.8887,1840.07,0.9665,0.011500,0.040814,3.252550
9200,1150,2.9996087e-4,0.658422,1.9317,1574.23,0.9446,0.011423,0.039437,3.404592
9210,1151,2.9996078e-4,0.662569,1.9398,1364.20,0.9350,0.011078,0.039266,3.436351
9220,1152,2.9996072e-4,0.614511,1.8488,1628.50,0.8810,0.011290,0.039645,3.239507
9230,1153,2.9996064e-4,0.631289,1.8800,1515.08,0.9037,0.011628,0.041098,3.260956
9240,1155,2.9996052e-4,0.746217,2.1090,1535.08,0.9443,0.012392,0.044208,3.940044
9250,1156,2.9996046e-4,0.800361,2.2263,2004.44,0.9439,0.012758,0.044972,4.226295
9260,1157,2.9996037e-4,0.683835,1.9815,1781.37,0.9449,0.012108,0.042775,3.547982
9270,1158,2.9996032e-4,0.674769,1.9636,1381.26,0.9623,0.012289,0.043945,3.534669
9280,1160,2.9996017e-4,0.648395,1.9125,1361.05,0.9725,0.011348,0.040416,3.409782
9290,1161,2.999601e-4,0.663791,1.9421,1469.90,0.9490,0.011146,0.038636,3.504588
9300,1162,2.9996003e-4,0.607115,1.8351,1338.01,1.0051,0.010968,0.038651,3.136903
9310,1163,2.9995997e-4,0.663108,1.9408,1476.10,0.9535,0.011712,0.041928,3.493866
9320,1165,2.9995982e-4,0.649147,1.9139,1336.89,0.9232,0.011517,0.039669,3.375568
9330,1166,2.9995976e-4,0.731053,2.0773,1618.51,0.8701,0.012102,0.041749,3.919065
9340,1167,2.9995968e-4,0.626135,1.8704,1705.36,0.9626,0.011656,0.041532,3.170815
9350,1168,2.9995962e-4,0.651139,1.9177,1704.90,0.9358,0.011512,0.040749,3.372158
9360,1170,2.999595e-4,0.617076,1.8535,1315.27,0.9834,0.011401,0.040362,3.193901
9370,1171,2.999594e-4,0.653297,1.9219,1455.97,0.9525,0.012287,0.042333,3.456021
9380,1172,2.9995936e-4,0.566575,1.7622,1429.75,0.9922,0.010885,0.038393,2.915303
9390,1173,2.9995927e-4,0.667023,1.9484,1314.94,0.9482,0.011717,0.040799,3.512795
9400,1175,2.9995912e-4,0.624386,1.8671,1531.36,0.9585,0.011207,0.039592,3.191494
9410,1176,2.9995907e-4,0.631182,1.8798,1816.31,0.9306,0.011711,0.040856,3.340638
9420,1177,2.99959e-4,0.664262,1.9431,1552.01,0.9473,0.011727,0.041139,3.434046
9430,1178,2.9995892e-4,0.654659,1.9245,1526.91,0.9267,0.011551,0.041510,3.424658
9440,1180,2.9995877e-4,0.643690,1.9035,1315.19,0.9584,0.011367,0.040520,3.382183
9450,1181,2.9995872e-4,0.668392,1.9511,1544.91,0.9672,0.011732,0.041070,3.505116
9460,1182,2.9995866e-4,0.647947,1.9116,1583.77,0.9447,0.011462,0.040886,3.437022
9470,1183,2.999586e-4,0.610955,1.8422,1347.41,0.9772,0.010918,0.037961,3.119610
9480,1185,2.9995842e-4,0.681857,1.9775,1345.27,0.9744,0.012138,0.042610,3.548299
9490,1186,2.9995837e-4,0.617737,1.8547,1475.60,0.9863,0.011414,0.041191,3.256077
9500,1187,2.999583e-4,0.618455,1.8561,1364.71,1.0197,0.011138,0.040600,3.207108
9510,1188,2.9995825e-4,0.615068,1.8498,1348.63,0.9978,0.011604,0.041839,3.239047
9520,1190,2.999581e-4,0.662299,1.9392,1519.42,0.9563,0.011182,0.040521,3.345730
9530,1191,2.9995802e-4,0.670227,1.9547,1512.18,0.9686,0.011933,0.043080,3.521482
9540,1192,2.9995796e-4,0.761546,2.1416,1354.34,0.9334,0.012150,0.044214,3.978768
9550,1193,2.9995787e-4,0.600251,1.8226,1531.55,0.9566,0.010947,0.038776,3.136257
9560,1195,2.9995773e-4,0.660614,1.9360,1437.51,0.9385,0.011891,0.041717,3.528986
9570,1196,2.9995767e-4,0.626353,1.8708,1293.30,0.9161,0.011122,0.039766,3.286865
9580,1197,2.9995758e-4,0.681764,1.9774,1344.76,0.9277,0.011851,0.041849,3.566311
9590,1198,2.9995752e-4,0.648008,1.9117,1485.74,0.9756,0.011742,0.041663,3.379773
9600,1200,2.9995738e-4,0.575497,1.7780,1480.39,1.0293,0.011173,0.040119,2.969015
9610,1201,2.999573e-4,0.697444,2.0086,1520.14,0.9563,0.011849,0.042255,3.676999
9620,1202,2.9995723e-4,0.623167,1.8648,1470.73,0.9984,0.010839,0.039259,3.194933
9630,1203,2.9995717e-4,0.643386,1.9029,1507.64,0.9760,0.011012,0.039336,3.385459
9640,1205,2.99957e-4,0.621950,1.8626,1227.90,0.9570,0.011477,0.040434,3.275871
9650,1206,2.9995694e-4,0.716485,2.0472,2036.91,0.9255,0.012392,0.043693,3.847300
9660,1207,2.9995688e-4,0.651347,1.9181,1616.38,0.9395,0.011403,0.040490,3.365504
9670,1208,2.9995682e-4,0.564646,1.7588,1216.17,0.9711,0.010928,0.038862,2.881937
9680,1210,2.9995665e-4,0.622462,1.8635,1521.72,0.9900,0.011074,0.040418,3.149263
9690,1211,2.999566e-4,0.560381,1.7513,1195.34,0.9733,0.010817,0.038550,2.897035
9700,1212,2.9995653e-4,0.704188,2.0222,1280.97,0.9851,0.011692,0.042040,3.650434
9710,1213,2.9995645e-4,0.693662,2.0010,1629.10,0.9385,0.011586,0.040878,3.703266
9720,1215,2.999563e-4,0.592583,1.8087,1313.48,0.9383,0.011031,0.040648,3.091977
9730,1216,2.9995624e-4,0.640973,1.8983,1285.18,0.9825,0.011330,0.040803,3.319378
9740,1217,2.9995615e-4,0.691966,1.9976,1671.35,0.9713,0.011628,0.041851,3.599613
9750,1218,2.9995607e-4,0.664220,1.9430,1577.10,0.9199,0.011589,0.041941,3.507965
9760,1220,2.9995595e-4,0.609026,1.8386,1516.97,0.9532,0.011232,0.040458,3.201886
9770,1221,2.999559e-4,0.694380,2.0025,1411.72,0.9517,0.012015,0.042980,3.713778
9780,1222,2.999558e-4,0.599626,1.8214,1547.49,0.9665,0.011242,0.040975,3.130901
9790,1223,2.9995572e-4,0.658562,1.9320,1444.27,0.9249,0.011589,0.041975,3.538818
9800,1225,2.999556e-4,0.649340,1.9143,1525.93,0.9341,0.011075,0.040553,3.364707
9810,1226,2.999555e-4,0.635826,1.8886,1871.67,1.0081,0.011468,0.042420,3.262669
9820,1227,2.9995543e-4,0.652973,1.9212,1719.73,0.9583,0.011466,0.041277,3.457799
9830,1228,2.9995537e-4,0.621494,1.8617,1977.50,0.9561,0.010976,0.039059,3.189294
9840,1230,2.9995522e-4,0.698742,2.0112,1365.86,0.8708,0.011871,0.042339,3.745151
9850,1231,2.9995514e-4,0.637388,1.8915,1627.68,0.9266,0.011736,0.041064,3.380718
9860,1232,2.9995508e-4,0.625705,1.8696,1536.88,0.9518,0.011273,0.040349,3.289041
9870,1233,2.99955e-4,0.614346,1.8484,1417.39,0.9679,0.011497,0.040748,3.234795
9880,1235,2.9995485e-4,0.630369,1.8783,1380.76,0.9547,0.011388,0.040513,3.353495
9890,1236,2.999548e-4,0.648464,1.9126,1462.86,0.9574,0.011771,0.041445,3.396373
9900,1237,2.999547e-4,0.618056,1.8553,1256.63,0.9610,0.011568,0.042416,3.224808
9910,1238,2.9995464e-4,0.592699,1.8089,1474.83,0.9908,0.011362,0.041781,3.112937
9920,1240,2.999545e-4,0.762293,2.1432,1454.19,0.9333,0.012633,0.044123,4.183003
9930,1241,2.999544e-4,0.720877,2.0562,1490.96,0.9568,0.012127,0.043177,3.859692
9940,1242,2.9995435e-4,0.638880,1.8944,2016.15,0.9620,0.011536,0.040931,3.279255
9950,1243,2.9995426e-4,0.645649,1.9072,1396.28,0.9157,0.011333,0.040938,3.399097
9960,1245,2.9995412e-4,0.623090,1.8647,1750.74,0.9732,0.010706,0.037935,3.182137
9970,1246,2.9995406e-4,0.647373,1.9105,1816.19,0.9046,0.011066,0.041382,3.441077
9980,1247,2.9995397e-4,0.675764,1.9655,1566.91,0.9174,0.011636,0.042457,3.592651
9990,1248,2.9995388e-4,0.553858,1.7400,1527.61,0.9005,0.010876,0.040079,2.914105
10000,1250,2.9995377e-4,0.606931,1.8348,2068.77,0.9232,0.010978,0.040569,3.101428
10010,1251,2.9995368e-4,0.693246,2.0002,1416.43,0.9554,0.011939,0.042513,3.659015
10020,1252,2.999536e-4,0.666294,1.9470,1508.23,0.9678,0.011712,0.042860,3.473207
10030,1253,2.9995354e-4,0.621473,1.8617,1376.63,0.9718,0.011501,0.040820,3.224344
10040,1255,2.999534e-4,0.690119,1.9940,1925.45,0.9581,0.011582,0.041230,3.500296
10050,1256,2.999533e-4,0.624669,1.8676,1297.65,0.9931,0.011758,0.044058,3.269025
10060,1257,2.9995324e-4,0.689561,1.9928,1472.37,0.9692,0.011968,0.041097,3.627594
10070,1258,2.9995316e-4,0.680784,1.9754,1547.06,0.9802,0.012127,0.042380,3.515903
10080,1260,2.99953e-4,0.620297,1.8595,1624.66,0.9582,0.011501,0.040156,3.309197
10090,1261,2.9995292e-4,0.560189,1.7510,1289.56,1.0272,0.011129,0.041204,2.860435
10100,1262,2.9995287e-4,0.600853,1.8237,1259.70,1.0369,0.011095,0.040391,3.083014
10110,1263,2.999528e-4,0.663101,1.9408,1605.22,1.0011,0.011668,0.041565,3.457259
10120,1265,2.9995263e-4,0.664843,1.9442,1597.91,0.9628,0.011853,0.042562,3.377015
10130,1266,2.9995258e-4,0.657571,1.9301,1480.18,0.9521,0.011822,0.041532,3.419923
10140,1267,2.999525e-4,0.693824,2.0014,1762.33,0.9660,0.011972,0.042561,3.704049
10150,1268,2.999524e-4,0.629262,1.8762,1464.26,0.9561,0.011275,0.040924,3.302967
10160,1270,2.9995225e-4,0.636933,1.8907,1549.57,0.9686,0.011277,0.039753,3.311385
10170,1271,2.999522e-4,0.654002,1.9232,1291.45,0.9308,0.011219,0.039537,3.457974
10180,1272,2.999521e-4,0.612948,1.8459,1280.12,0.9769,0.011515,0.041739,3.185816
10190,1273,2.9995202e-4,0.599750,1.8217,1661.44,0.9495,0.010608,0.038381,3.072514
10200,1275,2.999519e-4,0.669785,1.9538,1688.06,0.9252,0.011558,0.041488,3.481239
10210,1276,2.999518e-4,0.610727,1.8418,1664.71,1.0056,0.011207,0.039987,3.113967
10220,1277,2.9995173e-4,0.706998,2.0279,1505.51,0.8973,0.012167,0.043007,3.718910
10230,1278,2.9995164e-4,0.697551,2.0088,1258.22,0.9447,0.011910,0.042840,3.641776
10240,1280,2.999515e-4,0.575038,1.7772,1474.71,0.9665,0.011106,0.040674,2.974034
10250,1281,2.9995144e-4,0.614964,1.8496,1410.60,0.8829,0.011228,0.040082,3.307298
10260,1282,2.9995135e-4,0.622215,1.8631,1494.26,0.9155,0.011544,0.042613,3.265260
10270,1283,2.999513e-4,0.641372,1.8991,1640.87,0.9497,0.011651,0.041427,3.368369
10280,1285,2.9995112e-4,0.652280,1.9199,1371.92,0.9403,0.012123,0.043129,3.411692
10290,1286,2.9995106e-4,0.598486,1.8194,1353.34,0.8807,0.011131,0.040136,3.144655
10300,1287,2.9995097e-4,0.621809,1.8623,1587.25,0.8937,0.011302,0.040766,3.265584
10310,1288,2.999509e-4,0.636732,1.8903,1381.20,0.9631,0.011765,0.041868,3.320468
10320,1290,2.9995074e-4,0.586502,1.7977,1351.82,0.9859,0.011040,0.040074,2.998126
10330,1291,2.9995068e-4,0.661165,1.9370,1522.84,0.9306,0.011849,0.042609,3.437073
10340,1292,2.999506e-4,0.614221,1.8482,1610.81,0.8963,0.011548,0.041569,3.182752
10350,1293,2.999505e-4,0.649054,1.9137,1464.02,0.9190,0.011482,0.039781,3.381247
10360,1295,2.9995036e-4,0.564071,1.7578,1439.92,0.9426,0.011092,0.040025,3.008623
10370,1296,2.9995028e-4,0.686475,1.9867,1645.16,0.9471,0.011642,0.042288,3.543602
10380,1297,2.9995022e-4,0.670316,1.9549,1467.79,0.9365,0.011671,0.042676,3.537413
10390,1298,2.9995013e-4,0.613986,1.8478,1362.17,1.0143,0.010872,0.039359,3.090681
10400,1300,2.9994998e-4,0.640404,1.8972,1288.96,0.9708,0.011478,0.042481,3.429165
10410,1301,2.999499e-4,0.605134,1.8315,1564.10,1.0096,0.010983,0.039872,3.099835
10420,1302,2.9994984e-4,0.696130,2.0060,1365.75,0.9482,0.011919,0.042898,3.774770
10430,1303,2.9994975e-4,0.697407,2.0085,1479.29,0.9849,0.012066,0.043588,3.672301
10440,1305,2.999496e-4,0.621870,1.8624,1667.84,1.0362,0.011001,0.040529,3.159607
10450,1306,2.9994952e-4,0.657946,1.9308,2004.94,0.9893,0.011344,0.041654,3.395807
10460,1307,2.9994946e-4,0.627104,1.8722,1688.14,0.9433,0.011458,0.041299,3.222363
10470,1308,2.9994934e-4,0.736295,2.0882,1201.94,0.8800,0.012206,0.043488,3.908415
10480,1310,2.999492e-4,0.555071,1.7421,1253.87,0.9516,0.011014,0.039437,2.917822
10490,1311,2.9994914e-4,0.640552,1.8975,1323.34,0.9528,0.011268,0.040246,3.326449
10500,1312,2.9994905e-4,0.595828,1.8145,1488.71,0.9647,0.010716,0.039313,3.057095
10510,1313,2.9994897e-4,0.694911,2.0035,1703.97,0.9548,0.011648,0.041534,3.670003
10520,1315,2.999488e-4,0.598099,1.8187,1381.45,0.9716,0.010989,0.039158,3.160343
10530,1316,2.9994873e-4,0.592740,1.8089,1366.78,0.9853,0.011019,0.039508,3.036788
10540,1317,2.9994868e-4,0.712444,2.0390,1410.36,0.9545,0.012022,0.043773,3.750080
10550,1318,2.999486e-4,0.579669,1.7854,1464.82,1.0087,0.011653,0.042734,2.951712
10560,1320,2.999484e-4,0.588173,1.8007,1972.83,1.0339,0.010913,0.039197,2.946195
10570,1321,2.9994835e-4,0.624412,1.8671,1496.32,1.0092,0.011696,0.043287,3.187680
10580,1322,2.9994827e-4,0.639381,1.8953,1539.37,0.9409,0.010846,0.039808,3.288125
10590,1323,2.9994818e-4,0.627504,1.8729,1302.17,0.9515,0.010695,0.038511,3.259618
10600,1325,2.9994803e-4,0.679267,1.9724,1662.98,0.9513,0.011236,0.040552,3.554380
10610,1326,2.9994798e-4,0.645956,1.9078,1569.49,0.9964,0.011016,0.040700,3.267426
10620,1327,2.9994786e-4,0.606718,1.8344,1385.80,0.9488,0.011216,0.041929,3.248340
10630,1328,2.999478e-4,0.600452,1.8229,1422.37,1.0356,0.010771,0.039271,3.029225
10640,1330,2.9994766e-4,0.589439,1.8030,1606.39,0.9954,0.011145,0.039895,3.036216
10650,1331,2.9994757e-4,0.562348,1.7548,1345.19,1.0214,0.010652,0.038920,2.907745
10660,1332,2.9994748e-4,0.595910,1.8147,1758.62,0.9739,0.010361,0.038122,2.995068
10670,1333,2.999474e-4,0.574272,1.7758,1234.21,0.9704,0.010706,0.039451,2.985177
10680,1335,2.9994725e-4,0.679903,1.9737,1914.48,0.9581,0.011725,0.042871,3.554169
10690,1336,2.9994716e-4,0.624070,1.8665,1320.43,0.9910,0.011364,0.040545,3.238937
10700,1337,2.999471e-4,0.621277,1.8613,1719.20,0.9792,0.011209,0.040929,3.210370
10710,1338,2.9994702e-4,0.640198,1.8969,1369.32,1.0086,0.011637,0.041415,3.295906
10720,1340,2.9994684e-4,0.699710,2.0132,1577.85,1.0042,0.011900,0.043830,3.667906
10730,1341,2.9994678e-4,0.626453,1.8710,1350.74,0.9874,0.011519,0.042678,3.265786
10740,1342,2.999467e-4,0.663976,1.9425,1540.67,0.9316,0.011108,0.039496,3.467776
10750,1343,2.999466e-4,0.605734,1.8326,1251.21,0.9390,0.011210,0.041144,3.161097
10760,1345,2.9994646e-4,0.765413,2.1499,1698.79,0.9252,0.012324,0.043598,4.042397
10770,1346,2.9994638e-4,0.557858,1.7469,1215.22,0.9944,0.010862,0.040273,2.840435
10780,1347,2.999463e-4,0.655021,1.9252,1456.74,0.9978,0.012210,0.045398,3.440554
10790,1348,2.999462e-4,0.666675,1.9477,1532.67,0.9986,0.011632,0.041733,3.484863
10800,1350,2.9994606e-4,0.814358,2.2577,1951.03,0.9369,0.012924,0.044626,4.309741
10810,1351,2.9994597e-4,0.654665,1.9245,1602.30,1.0148,0.011739,0.042543,3.407913
10820,1352,2.9994588e-4,0.657212,1.9294,1390.13,1.0080,0.011985,0.043028,3.434670
10830,1353,2.9994582e-4,0.608456,1.8376,1496.98,1.0002,0.011403,0.041175,3.207983
10840,1355,2.9994565e-4,0.641994,1.9003,1508.43,0.9780,0.011176,0.039994,3.339705
10850,1356,2.999456e-4,0.634272,1.8856,1279.36,0.9929,0.011190,0.041004,3.384831
10860,1357,2.999455e-4,0.659869,1.9345,1556.99,0.9965,0.010938,0.039596,3.454056
10870,1358,2.9994542e-4,0.574736,1.7767,1311.83,1.0192,0.010255,0.037386,2.934979
10880,1360,2.9994527e-4,0.641029,1.8984,1454.71,0.8788,0.010947,0.039177,3.362315
10890,1361,2.9994518e-4,0.633657,1.8845,1326.85,0.8460,0.010801,0.038827,3.318473
10900,1362,2.999451e-4,0.634612,1.8863,1172.10,0.7975,0.011401,0.041414,3.411128
