step,batch,lr,loss,perplexity,ms_per_step,s_per_norm_seq
10,2,2.6666667e-6,5.926976,375.0186,351.09,0.0397
20,5,6.6666666e-6,5.772357,321.2940,333.78,0.0306
30,7,9.333333e-6,5.579175,264.8531,295.06,0.0331
40,10,1.3333333e-5,5.328657,206.1609,242.57,0.0319
50,12,1.6e-5,5.124555,168.0993,259.68,0.0324
60,15,2e-5,4.788275,120.0941,219.98,0.0351
70,17,2.2666667e-5,4.570300,96.5731,258.92,0.0321
80,20,2.6666667e-5,4.334100,76.2563,225.04,0.0361
90,22,2.933333e-5,4.112406,61.0935,272.78,0.0319
100,25,3.3333334e-5,3.889611,48.8919,290.30,0.0326
110,27,3.6e-5,3.701373,40.5029,398.72,0.0471
120,30,4e-5,3.527718,34.0462,344.09,0.0297
130,32,4.2666667e-5,3.452555,31.5810,253.47,0.0333
140,35,4.6666664e-5,3.301635,27.1570,192.15,0.0344
150,37,4.9333332e-5,3.164851,23.6852,210.64,0.0345
160,40,5.3333333e-5,3.075910,21.6696,279.14,0.0319
170,42,5.5999997e-5,2.992524,19.9359,234.43,0.0344
180,45,6.0000002e-5,2.973947,19.5690,293.59,0.0299
190,47,6.2666666e-5,2.791257,16.3015,306.05,0.0327
200,50,6.666667e-5,2.774967,16.0381,306.00,0.0333
210,52,6.933333e-5,2.705087,14.9556,431.84,0.0440
220,55,7.3333336e-5,2.681391,14.6054,394.30,0.0338
230,57,7.6e-5,2.612273,13.6300,583.94,0.0294
240,60,8e-5,2.540220,12.6825,374.91,0.0305
250,62,8.2666666e-5,2.542392,12.7100,268.77,0.0323
260,65,8.666667e-5,2.498234,12.1610,187.17,0.0313
270,67,8.933333e-5,2.390647,10.9206,288.01,0.0318
280,70,9.333333e-5,2.406742,11.0977,287.30,0.0341
290,72,9.5999996e-5,2.354059,10.5282,263.02,0.0343
300,75,1e-4,2.370730,10.7052,211.40,0.0341
310,77,1.02666665e-4,2.328190,10.2594,569.08,0.0392
320,80,1.0666667e-4,2.218617,9.1946,382.87,0.0323
330,82,1.09333334e-4,2.229716,9.2972,431.61,0.0304
340,85,1.1333333e-4,2.192835,8.9606,402.64,0.0308
350,87,1.15999996e-4,2.237874,9.3734,340.21,0.0337
360,90,1.20000004e-4,2.147725,8.5654,336.16,0.0330
370,92,1.2266666e-4,2.143017,8.5251,330.66,0.0324
380,95,1.2666667e-4,2.104345,8.2017,225.87,0.0341
390,97,1.2933332e-4,2.103222,8.1925,314.74,0.0319
400,100,1.3333333e-4,2.056838,7.8212,263.54,0.0330
410,102,1.36e-4,2.105161,8.2084,460.31,0.0454
420,105,1.3999999e-4,2.107782,8.2300,479.26,0.0297
430,107,1.4266666e-4,2.077521,7.9847,655.98,0.0176
440,110,1.4666667e-4,2.080511,8.0086,324.95,0.0326
450,112,1.4933333e-4,2.034350,7.6473,234.28,0.0339
460,115,1.5333333e-4,2.066814,7.8996,394.48,0.0324
470,117,1.56e-4,1.995384,7.3550,207.75,0.0387
480,120,1.6e-4,2.020574,7.5427,290.00,0.0326
490,122,1.6266666e-4,1.999990,7.3890,351.15,0.0325
500,125,1.6666666e-4,1.873738,6.5126,379.04,0.0344
510,127,1.6933333e-4,1.976205,7.2153,469.24,0.0525
520,130,1.7333333e-4,1.901434,6.6955,179.02,0.0370
530,132,1.76e-4,1.962165,7.1147,219.21,0.0342
540,135,1.7999999e-4,1.909467,6.7495,233.65,0.0336
550,137,1.8266667e-4,1.883725,6.5780,244.23,0.0335
560,140,1.8666666e-4,1.906778,6.7314,262.19,0.0328
570,142,1.8933332e-4,1.865119,6.4567,333.81,0.0310
580,145,1.9333333e-4,1.853401,6.3815,271.78,0.0336
590,147,1.96e-4,1.852955,6.3786,341.41,0.0357
600,150,1.9999954e-4,1.840342,6.2987,351.30,0.0330
610,152,1.9999954e-4,1.907652,6.7373,708.16,0.0395
620,155,1.9999954e-4,1.885556,6.5900,418.35,0.0320
630,157,1.9999951e-4,1.804552,6.0772,401.69,0.0292
640,160,1.9999949e-4,1.788655,5.9814,354.20,0.0317
650,162,1.9999949e-4,1.839290,6.2921,295.18,0.0317
660,165,1.9999946e-4,1.811076,6.1170,497.59,0.0313
670,167,1.9999946e-4,1.818634,6.1634,339.16,0.0334
680,170,1.9999943e-4,1.768396,5.8614,420.18,0.0307
690,172,1.9999943e-4,1.722823,5.6003,293.32,0.0315
700,175,1.999994e-4,1.934916,6.9235,187.31,0.0364
710,177,1.9999937e-4,1.751333,5.7623,349.99,0.0557
720,180,1.9999937e-4,1.741832,5.7078,234.46,0.0357
730,182,1.9999934e-4,1.716531,5.5652,257.07,0.0339
740,185,1.9999934e-4,1.732569,5.6552,474.64,0.0238
750,187,1.9999931e-4,1.744191,5.7213,332.77,0.0337
760,190,1.9999928e-4,1.738101,5.6865,296.56,0.0322
770,192,1.9999928e-4,1.801918,6.0613,397.40,0.0250
780,195,1.9999925e-4,1.749324,5.7507,280.00,0.0333
790,197,1.9999922e-4,1.754845,5.7826,339.70,0.0346
800,200,1.999992e-4,1.754800,5.7823,339.66,0.0323
810,202,1.999992e-4,1.663280,5.2766,400.80,0.0496
820,205,1.9999917e-4,1.732105,5.6525,318.62,0.0327
830,207,1.9999917e-4,1.699101,5.4690,304.09,0.0343
840,210,1.9999914e-4,1.708797,5.5223,301.91,0.0331
850,212,1.9999914e-4,1.672233,5.3240,383.50,0.0291
860,215,1.9999908e-4,1.731991,5.6519,311.93,0.0333
870,217,1.9999908e-4,1.683234,5.3829,229.19,0.0341
880,220,1.9999905e-4,1.643381,5.1726,262.90,0.0332
890,222,1.9999905e-4,1.709805,5.5279,309.91,0.0334
900,225,1.9999899e-4,1.649652,5.2052,188.49,0.0355
910,227,1.9999899e-4,1.675701,5.3425,410.82,0.0488
920,230,1.9999896e-4,1.636469,5.1370,262.00,0.0306
930,232,1.9999893e-4,1.583880,4.8738,344.77,0.0312
940,235,1.999989e-4,1.673457,5.3306,420.57,0.0313
950,237,1.9999887e-4,1.573661,4.8243,298.22,0.0317
960,240,1.9999887e-4,1.584696,4.8778,291.43,0.0311
970,242,1.9999885e-4,1.570058,4.8069,325.37,0.0301
980,245,1.9999882e-4,1.612102,5.0133,555.75,0.0296
990,247,1.9999879e-4,1.618957,5.0478,449.70,0.0329
1000,250,1.9999876e-4,1.592483,4.9159,253.49,0.0311
1010,252,1.9999876e-4,1.619161,5.0489,488.10,0.0450
1020,255,1.9999873e-4,1.655669,5.2366,279.47,0.0330
1030,257,1.999987e-4,1.625663,5.0818,375.32,0.0317
1040,260,1.9999867e-4,1.591340,4.9103,207.98,0.0361
1050,262,1.9999864e-4,1.613351,5.0196,298.60,0.0333
1060,265,1.9999861e-4,1.672390,5.3249,226.09,0.0338
1070,267,1.9999858e-4,1.541635,4.6722,488.59,0.0295
1080,270,1.9999855e-4,1.619413,5.0501,212.82,0.0366
1090,272,1.9999855e-4,1.601761,4.9618,394.07,0.0332
1100,275,1.9999853e-4,1.640183,5.1561,270.06,0.0336
1110,277,1.999985e-4,1.552099,4.7214,503.60,0.0427
1120,280,1.9999847e-4,1.630686,5.1074,257.08,0.0325
1130,282,1.9999844e-4,1.544137,4.6839,327.31,0.0312
1140,285,1.9999838e-4,1.561727,4.7670,408.61,0.0312
1150,287,1.9999838e-4,1.496935,4.4680,404.51,0.0293
1160,290,1.9999835e-4,1.541813,4.6731,329.14,0.0314
1170,292,1.9999832e-4,1.561465,4.7658,266.46,0.0345
1180,295,1.9999829e-4,1.542799,4.6777,236.88,0.0340
1190,297,1.9999826e-4,1.548605,4.7049,260.53,0.0313
1200,300,1.9999823e-4,1.521032,4.5769,290.95,0.0352
1210,302,1.999982e-4,1.570184,4.8075,444.27,0.0465
1220,305,1.9999818e-4,1.498892,4.4767,410.76,0.0303
1230,307,1.9999815e-4,1.527347,4.6059,250.07,0.0326
1240,310,1.9999812e-4,1.566352,4.7891,445.51,0.0317
1250,312,1.9999809e-4,1.666567,5.2940,217.94,0.0371
1260,315,1.9999806e-4,1.480217,4.3939,397.55,0.0308
1270,317,1.9999803e-4,1.607464,4.9901,351.01,0.0317
1280,320,1.9999797e-4,1.511338,4.5328,238.73,0.0356
1290,322,1.9999794e-4,1.547785,4.7010,371.92,0.0329
1300,325,1.9999791e-4,1.498739,4.4760,243.76,0.0364
1310,327,1.9999788e-4,1.476439,4.3773,575.71,0.0388
1320,330,1.9999786e-4,1.553771,4.7293,325.65,0.0326
1330,332,1.9999783e-4,1.545368,4.6897,201.70,0.0356
1340,335,1.999978e-4,1.491901,4.4455,203.00,0.0335
1350,337,1.9999777e-4,1.544944,4.6877,287.43,0.0328
1360,340,1.9999774e-4,1.412709,4.1071,365.84,0.0298
1370,342,1.9999768e-4,1.408736,4.0908,326.51,0.0333
1380,345,1.9999765e-4,1.533534,4.6345,216.75,0.0337
1390,347,1.9999762e-4,1.446552,4.2484,419.13,0.0324
1400,350,1.9999756e-4,1.565081,4.7831,148.68,0.0393
1410,352,1.9999756e-4,1.445184,4.2426,339.37,0.0578
1420,355,1.999975e-4,1.550816,4.7153,251.82,0.0342
1430,357,1.9999748e-4,1.530946,4.6226,367.69,0.0322
1440,360,1.9999745e-4,1.472775,4.3613,202.03,0.0362
1450,362,1.9999742e-4,1.462374,4.3162,275.93,0.0347
1460,365,1.9999736e-4,1.475755,4.3743,274.34,0.0339
1470,367,1.9999733e-4,1.434317,4.1968,430.80,0.0320
1480,370,1.999973e-4,1.503535,4.4976,411.87,0.0336
1490,372,1.9999727e-4,1.446175,4.2468,340.72,0.0325
1500,375,1.9999724e-4,1.452580,4.2741,362.54,0.0329
1510,377,1.9999719e-4,1.432415,4.1888,409.92,0.0485
1520,380,1.9999716e-4,1.436771,4.2071,133.31,0.0388
1530,382,1.9999713e-4,1.435550,4.2020,271.32,0.0310
1540,385,1.9999707e-4,1.453170,4.2766,440.15,0.0300
1550,387,1.9999704e-4,1.459500,4.3038,352.05,0.0329
1560,390,1.9999701e-4,1.450727,4.2662,169.75,0.0374
1570,392,1.9999698e-4,1.407422,4.0854,323.00,0.0316
1580,395,1.9999692e-4,1.433758,4.1944,291.39,0.0324
1590,397,1.999969e-4,1.496059,4.4641,396.54,0.0321
1600,400,1.9999684e-4,1.498471,4.4748,281.78,0.0305
1610,402,1.9999681e-4,1.622456,5.0655,2982.59,0.4978
1610,402,1.9999681e-4,1.622445,5.0655,2965.79,0.4950
1610,402,1.9999681e-4,1.623040,5.0685,3230.65,0.5392
1610,402,1.9999681e-4,1.623262,5.0696,3151.28,0.5260
1610,402,1.9999681e-4,1.623096,5.0688,3114.49,0.5199
1610,402,1.9999681e-4,1.623419,5.0704,3122.05,0.5211
1620,405,1.9999675e-4,1.569863,4.8060,649.32,0.0513
1630,407,1.9999672e-4,1.541183,4.6701,827.57,0.0515
1640,410,1.9999666e-4,1.525809,4.5989,735.10,0.0548
1650,412,1.9999666e-4,1.479943,4.3927,387.94,0.0539
1660,415,1.999966e-4,1.408152,4.0884,353.49,0.0538
1670,417,1.9999658e-4,1.444331,4.2390,471.76,0.0522
1680,420,1.9999652e-4,1.421523,4.1434,771.70,0.0508
1690,422,1.9999649e-4,1.490253,4.4382,429.37,0.0516
1700,425,1.9999643e-4,1.377976,3.9669,416.36,0.0536
1710,427,1.999964e-4,1.370372,3.9368,557.49,0.0697
1720,430,1.9999634e-4,1.496047,4.4640,372.96,0.0536
1730,432,1.9999631e-4,1.498668,4.4757,669.88,0.0560
1740,435,1.9999626e-4,1.465735,4.3307,695.73,0.0528
1750,437,1.9999623e-4,1.456919,4.2927,469.38,0.0573
1760,440,1.999962e-4,1.364990,3.9157,464.34,0.0509
1770,442,1.9999614e-4,1.438136,4.2128,473.35,0.0577
1780,445,1.9999611e-4,1.454941,4.2842,654.06,0.0538
1790,447,1.9999605e-4,1.442909,4.2330,435.82,0.0571
1800,450,1.9999602e-4,1.367155,3.9242,372.38,0.0586
1810,452,1.9999596e-4,1.470658,4.3521,378.60,0.0925
1820,455,1.999959e-4,1.413528,4.1104,390.19,0.0542
1830,457,1.9999588e-4,1.419176,4.1337,569.59,0.0548
1840,460,1.9999582e-4,1.424925,4.1575,422.48,0.0576
1850,462,1.9999579e-4,1.425249,4.1589,356.86,0.0585
1860,465,1.9999573e-4,1.391082,4.0192,858.48,0.0518
1870,467,1.999957e-4,1.407263,4.0848,430.16,0.0543
1880,470,1.9999564e-4,1.350680,3.8600,371.92,0.0570
1890,472,1.9999561e-4,1.361046,3.9003,541.62,0.0508
1900,475,1.9999556e-4,1.437455,4.2100,545.35,0.0570
1910,477,1.9999553e-4,1.444767,4.2409,530.16,0.0760
1920,480,1.9999544e-4,1.414211,4.1132,314.14,0.0588
1930,482,1.9999541e-4,1.458797,4.3008,431.78,0.0564
1940,485,1.9999535e-4,1.359678,3.8949,653.93,0.0513
1950,487,1.9999532e-4,1.426346,4.1635,499.91,0.0568
1960,490,1.9999527e-4,1.539656,4.6630,431.46,0.0576
1970,492,1.9999521e-4,1.390728,4.0178,326.99,0.0611
1980,495,1.9999515e-4,1.410638,4.0986,573.02,0.0546
1990,497,1.9999512e-4,1.447923,4.2543,645.03,0.0514
2000,500,1.9999506e-4,1.342835,3.8299,514.60,0.0597
2010,502,1.9999503e-4,1.425985,4.1620,843.68,0.0611
2020,505,1.9999497e-4,1.397162,4.0437,591.42,0.0504
2030,507,1.9999492e-4,1.455144,4.2851,631.17,0.0520
2040,510,1.9999489e-4,1.457322,4.2944,421.30,0.0567
2050,512,1.9999483e-4,1.252692,3.4998,589.95,0.0501
2060,515,1.9999477e-4,1.369303,3.9326,798.28,0.0513
2070,517,1.9999471e-4,1.317312,3.7334,333.32,0.0573
2080,520,1.9999465e-4,1.341372,3.8243,414.00,0.0541
2090,522,1.9999463e-4,1.411330,4.1014,326.93,0.0578
2100,525,1.9999457e-4,1.412005,4.1042,526.09,0.0549
2110,527,1.9999451e-4,1.333508,3.7943,641.94,0.0653
2120,530,1.9999445e-4,1.390852,4.0183,610.69,0.0583
2130,532,1.9999442e-4,1.321939,3.7507,496.93,0.0529
2140,535,1.9999436e-4,1.332005,3.7886,708.00,0.0568
2150,537,1.999943e-4,1.419514,4.1351,367.16,0.0527
2160,540,1.9999425e-4,1.359512,3.8943,872.58,0.0525
2170,542,1.9999422e-4,1.423816,4.1529,525.84,0.0547
2180,545,1.9999413e-4,1.365096,3.9161,430.11,0.0526
2190,547,1.999941e-4,1.369125,3.9319,371.84,0.0573
2200,550,1.9999404e-4,1.313869,3.7205,525.39,0.0545
2210,552,1.9999399e-4,1.324519,3.7604,594.32,0.0681
2220,555,1.9999393e-4,1.299724,3.6683,893.19,0.0505
2230,557,1.9999387e-4,1.379286,3.9721,505.68,0.0559
2240,560,1.9999381e-4,1.290838,3.6358,579.15,0.0504
2250,562,1.9999378e-4,1.390339,4.0162,589.75,0.0550
2260,565,1.999937e-4,1.421359,4.1427,406.36,0.0580
2270,567,1.9999366e-4,1.338062,3.8116,460.55,0.0569
2280,570,1.9999358e-4,1.337779,3.8106,450.21,0.0586
2290,572,1.9999355e-4,1.391706,4.0217,752.87,0.0600
2300,575,1.9999349e-4,1.328265,3.7745,656.25,0.0545
2310,577,1.9999343e-4,1.300148,3.6698,640.43,0.0612
2320,580,1.9999337e-4,1.393051,4.0271,489.56,0.0623
2330,582,1.9999332e-4,1.424678,4.1565,584.34,0.0568
2340,585,1.9999326e-4,1.327766,3.7726,321.68,0.0553
2350,587,1.999932e-4,1.323300,3.7558,502.59,0.0517
2360,590,1.9999314e-4,1.303406,3.6818,500.34,0.0558
2370,592,1.9999308e-4,1.304747,3.6868,912.98,0.0499
2380,595,1.99993e-4,1.275054,3.5789,474.30,0.0492
2390,597,1.9999297e-4,1.281079,3.6005,664.55,0.0456
2400,600,1.9999291e-4,1.345806,3.8413,537.13,0.0499
2410,602,1.9999285e-4,1.223702,3.3998,832.71,0.0561
2420,605,1.9999276e-4,1.320054,3.7436,388.81,0.0533
2430,607,1.9999273e-4,1.381831,3.9822,692.84,0.0520
2440,610,1.9999268e-4,1.353787,3.8721,576.66,0.0517
2450,612,1.9999262e-4,1.295292,3.6521,819.34,0.0495
2460,615,1.9999253e-4,1.348319,3.8509,344.17,0.0522
2470,617,1.999925e-4,1.350176,3.8581,519.20,0.0541
2480,620,1.9999241e-4,1.244455,3.4710,376.00,0.0549
2490,622,1.9999236e-4,1.326193,3.7667,392.81,0.0574
2500,625,1.999923e-4,1.314179,3.7217,449.84,0.0567
2510,627,1.9999224e-4,1.357773,3.8875,703.93,0.0633
2520,630,1.9999218e-4,1.275972,3.5822,407.55,0.0596
2530,632,1.9999212e-4,1.324252,3.7594,912.75,0.0542
2540,635,1.9999204e-4,1.373280,3.9483,373.93,0.0563
2550,637,1.99992e-4,1.320713,3.7461,595.62,0.0501
2560,640,1.9999192e-4,1.350378,3.8589,409.31,0.0521
2570,642,1.9999186e-4,1.325478,3.7640,609.69,0.0498
2580,645,1.9999177e-4,1.290092,3.6331,572.35,0.0506
2590,647,1.9999174e-4,1.348638,3.8522,389.84,0.0607
2600,650,1.9999166e-4,1.266876,3.5497,508.46,0.0577
2610,652,1.999916e-4,1.268473,3.5554,579.88,0.0703
2620,655,1.9999154e-4,1.244254,3.4703,399.79,0.0586
2630,657,1.9999148e-4,1.396926,4.0428,515.03,0.0597
2640,660,1.999914e-4,1.285759,3.6174,488.24,0.0575
2650,662,1.9999137e-4,1.293428,3.6453,440.46,0.0545
2660,665,1.9999128e-4,1.357904,3.8880,486.81,0.0613
2670,667,1.9999122e-4,1.499952,4.4815,833.58,0.0513
2680,670,1.9999113e-4,1.277128,3.5863,779.32,0.0543
2690,672,1.9999107e-4,1.279675,3.5955,557.85,0.0531
2700,675,1.9999102e-4,1.237817,3.4481,450.90,0.0531
2710,677,1.9999096e-4,1.427578,4.1686,920.90,0.0640
2720,680,1.9999087e-4,1.337370,3.8090,563.53,0.0558
2730,682,1.9999081e-4,1.344028,3.8345,983.88,0.0541
2740,685,1.9999073e-4,1.255281,3.5088,382.49,0.0578
2750,687,1.999907e-4,1.259278,3.5229,556.44,0.0506
2760,690,1.9999061e-4,1.272235,3.5688,465.62,0.0545
2770,692,1.9999055e-4,1.263611,3.5382,469.56,0.0496
2780,695,1.9999046e-4,1.268610,3.5559,599.53,0.0530
2790,697,1.999904e-4,1.313746,3.7201,384.07,0.0555
2800,700,1.9999032e-4,1.313633,3.7197,475.67,0.0556
2810,702,1.9999029e-4,1.314500,3.7229,716.41,0.0644
2820,705,1.999902e-4,1.216767,3.3763,394.40,0.0526
2830,707,1.9999014e-4,1.295598,3.6532,452.30,0.0593
2840,710,1.9999006e-4,1.291011,3.6365,447.57,0.0564
2850,712,1.9999e-4,1.333558,3.7945,360.21,0.0583
2860,715,1.9998991e-4,1.243756,3.4686,562.83,0.0529
2870,717,1.9998985e-4,1.279790,3.5959,926.71,0.0478
2880,720,1.9998976e-4,1.209528,3.3519,571.61,0.0579
2890,722,1.999897e-4,1.299586,3.6678,516.71,0.0514
2900,725,1.9998962e-4,1.389846,4.0142,528.55,0.0543
