step,batch,lr,loss,perplexity,ms_per_step,s_per_norm_seq,word_loss
10,10,2.0000001e-5,4.959567,142.5320,3284.27,2.0504,21.045967
20,20,4.0000003e-5,4.846792,127.3313,3275.30,2.0655,19.790443
30,30,6.0000002e-5,4.630502,102.5656,3391.04,2.0283,19.886143
40,40,8.0000005e-5,4.381755,79.9783,3213.62,2.0707,17.834959
50,50,1.00000005e-4,4.136392,62.5766,3013.33,2.1301,17.173130
60,60,1.20000004e-4,3.931503,50.9835,3245.07,2.0657,16.344807
70,70,1.4e-4,3.689490,40.0244,3322.45,2.0550,15.906021
80,80,1.6000001e-4,3.531695,34.1819,3054.32,2.1053,14.702864
90,90,1.8000002e-4,3.416540,30.4638,3140.52,2.0853,14.650751
100,100,2.0000001e-4,3.295481,26.9904,2946.40,2.1401,13.718912
110,110,2.2000002e-4,3.163352,23.6497,3330.26,2.0359,13.194186
120,120,2.4000001e-4,3.015168,20.3925,3197.52,2.0797,12.395748
130,130,2.6e-4,2.972220,19.5352,3260.90,2.0996,12.512873
140,140,2.8e-4,2.841449,17.1406,3808.00,1.9386,11.757074
150,150,3e-4,2.809874,16.6078,3156.50,2.0709,11.570570
160,160,3.2000002e-4,2.730382,15.3388,3112.91,2.0804,11.225857
170,170,3.4000003e-4,2.660573,14.3045,3661.21,1.9588,11.202654
180,180,3.6000003e-4,2.557868,12.9083,3153.82,2.0689,10.560479
190,190,3.8e-4,2.629172,13.8623,3404.81,2.0107,11.052372
200,200,4.0000002e-4,2.569416,13.0582,3281.59,2.0368,10.466459
210,210,4.2e-4,2.492699,12.0939,3602.36,1.9728,10.198322
220,220,4.4000003e-4,2.493016,12.0977,3242.94,2.0461,10.195801
230,230,4.6000004e-4,2.403451,11.0613,3214.37,2.0551,10.239842
240,240,4.8000002e-4,2.343326,10.4158,3296.72,2.0376,9.903860
250,250,5e-4,2.360227,10.5934,3477.68,1.9944,9.868076
260,260,5.2e-4,2.357605,10.5656,2968.89,2.1494,9.707613
270,270,5.4000004e-4,2.318686,10.1623,3173.49,2.0831,9.537981
280,280,5.6e-4,2.345654,10.4401,2983.05,2.1313,9.783534
290,290,5.8e-4,2.256131,9.5461,2896.89,2.1521,9.320285
300,300,6e-4,2.258801,9.5716,2949.88,2.1457,9.640660
310,310,6.2e-4,2.181913,8.8632,2905.35,2.1565,9.328289
320,320,6.4000004e-4,2.253201,9.5182,2988.73,2.1414,9.620106
330,330,6.600001e-4,2.103266,8.1929,3228.41,2.0974,8.772994
340,340,6.8000006e-4,2.148738,8.5740,3496.19,2.0376,9.049654
350,350,7.0000003e-4,2.123426,8.3597,3588.93,1.9923,8.564702
360,360,7.2000007e-4,2.005717,7.4314,2900.17,2.1671,8.353610
370,370,7.4000005e-4,2.062801,7.8680,3735.24,1.9617,8.517515
380,380,7.6e-4,2.000854,7.3954,3591.43,1.9864,8.583976
390,390,7.8e-4,2.000614,7.3936,4138.21,2.1852,8.175972
400,400,8.0000004e-4,1.885584,6.5902,3036.10,2.1388,8.014939
410,410,8.2e-4,1.978739,7.2336,3033.46,2.0951,8.508712
420,420,8.4e-4,1.924511,6.8518,3145.29,2.0691,7.958940
430,430,8.6000003e-4,1.789188,5.9846,2949.46,2.1219,7.261263
440,440,8.8000007e-4,1.822591,6.1879,2899.45,2.1403,7.504375
450,450,9.0000004e-4,1.881931,6.5662,3496.09,1.9882,8.079527
460,460,9.200001e-4,1.815875,6.1465,3613.92,1.9670,7.744594
470,470,9.4000006e-4,1.749080,5.7493,3474.34,1.9900,7.405857
480,480,9.6000003e-4,1.710186,5.5300,2749.05,2.1979,7.085029
490,490,9.8e-4,1.752230,5.7674,3056.86,2.0918,7.436912
500,500,9.99112e-4,1.734478,5.6660,3326.47,2.0227,7.312302
510,510,9.990762e-4,1.728358,5.6314,3240.81,2.0432,7.193220
520,520,9.990396e-4,1.652812,5.2216,3545.91,1.9768,6.714925
530,530,9.990024e-4,1.667257,5.2976,3341.53,2.0204,6.927756
540,540,9.989644e-4,1.636310,5.1362,3087.96,2.0858,7.052647
550,550,9.989257e-4,1.546876,4.6968,3052.45,2.0941,6.513092
560,560,9.988863e-4,1.615829,5.0321,3264.47,2.0373,6.708139
570,570,9.988461e-4,1.531516,4.6252,3809.49,1.9338,6.543812
580,580,9.988053e-4,1.555527,4.7376,3156.78,2.0655,6.638595
590,590,9.987637e-4,1.554598,4.7332,2903.02,2.1396,6.651407
600,600,9.987216e-4,1.618640,5.0462,2956.23,2.1234,6.856551
610,610,9.986785e-4,1.529590,4.6163,3051.22,2.0925,6.313328
620,620,9.986348e-4,1.476545,4.3778,3370.50,2.0120,6.185916
630,630,9.985906e-4,1.509220,4.5232,3161.74,2.0696,6.346693
640,640,9.985456e-4,1.467404,4.3380,3469.89,1.9937,5.998846
650,650,9.984997e-4,1.435979,4.2038,2922.31,2.1311,6.204669
660,660,9.984532e-4,1.514106,4.5454,3947.42,1.9134,6.504449
670,670,9.98406e-4,1.481068,4.3976,3277.56,2.0333,5.987325
680,680,9.983581e-4,1.535604,4.6441,3554.04,1.9751,6.443040
690,690,9.983095e-4,1.470637,4.3520,2919.78,2.1368,6.133710
700,700,9.982601e-4,1.451391,4.2690,3572.41,1.9718,6.066063
710,710,9.982102e-4,1.427191,4.1670,3499.43,1.9859,6.030848
720,720,9.981594e-4,1.374923,3.9548,2957.59,2.1244,5.623309
730,730,9.98108e-4,1.432051,4.1873,3141.29,2.0710,6.118310
740,740,9.980558e-4,1.350511,3.8594,3888.07,1.9232,5.545652
750,750,9.98003e-4,1.490850,4.4409,3563.05,1.9775,6.165785
760,760,9.979493e-4,1.442285,4.2303,3030.80,2.1018,6.174300
770,770,9.97895e-4,1.477882,4.3837,2942.51,2.1276,6.535764
780,780,9.978401e-4,1.312285,3.7147,3364.20,2.0203,5.525798
790,790,9.977844e-4,1.418313,4.1301,3087.34,2.0846,6.098894
800,800,9.97728e-4,1.442129,4.2297,3078.79,2.0837,5.954757
810,810,9.976709e-4,1.397601,4.0455,3860.85,1.9293,5.916967
820,820,9.976131e-4,1.393878,4.0304,2941.64,2.1270,5.744659
830,830,9.975545e-4,1.345465,3.8400,2931.79,2.1262,5.588868
840,840,9.974954e-4,1.383564,3.9891,3111.21,2.0766,5.565555
850,850,9.974354e-4,1.277315,3.5870,3282.13,2.0320,5.319764
860,860,9.973748e-4,1.418660,4.1316,3632.36,1.9634,5.819930
870,870,9.973134e-4,1.378042,3.9671,3238.74,2.0427,5.712342
880,880,9.972514e-4,1.366273,3.9207,3056.32,2.0931,5.847628
890,890,9.971886e-4,1.295828,3.6540,3318.09,2.0261,5.394072
900,900,9.971252e-4,1.367638,3.9261,3354.61,2.0221,5.715570
910,910,9.970609e-4,1.321573,3.7493,3012.10,2.1048,5.549389
920,920,9.969961e-4,1.402669,4.0660,3400.77,2.0051,5.709829
930,930,9.969305e-4,1.330433,3.7827,3192.64,2.0567,5.618838
940,940,9.968642e-4,1.332391,3.7901,3119.20,2.0735,5.658235
950,950,9.967972e-4,1.305930,3.6911,2832.08,2.1636,5.423378
960,960,9.967295e-4,1.256312,3.5124,3031.39,2.1048,5.179305
970,970,9.966611e-4,1.360364,3.8976,3062.17,2.0899,5.739457
980,980,9.96592e-4,1.377805,3.9662,3055.09,2.0931,5.908587
990,990,9.965221e-4,1.387364,4.0043,2964.37,2.1236,6.022903
1000,1000,9.964517e-4,1.380312,3.9761,3032.26,2.0994,5.999914
1010,1010,9.963805e-4,1.329592,3.7795,3683.92,1.9554,5.546681
1020,1020,9.963084e-4,1.302011,3.6767,3089.84,2.0816,5.459377
1030,1030,9.962358e-4,1.234931,3.4381,4141.51,1.8862,5.098214
1040,1040,9.961625e-4,1.227165,3.4115,3217.46,2.0494,5.096901
1050,1050,9.960885e-4,1.274305,3.5762,3400.86,2.0109,5.253359
1060,1060,9.960138e-4,1.343279,3.8316,3596.14,1.9741,5.704456
1070,1070,9.959382e-4,1.263211,3.5368,3040.63,2.1032,5.310045
1080,1080,9.958621e-4,1.241240,3.4599,3186.98,2.0697,5.295401
1090,1090,9.957852e-4,1.374722,3.9540,3577.93,1.9794,5.683758
1100,1100,9.957076e-4,1.238163,3.4493,3236.57,2.0542,5.198517
1110,1110,9.956295e-4,1.204997,3.3368,3219.32,2.0707,4.960954
1120,1120,9.955504e-4,1.247046,3.4800,3681.96,1.9709,4.959476
1130,1130,9.954707e-4,1.243969,3.4694,3044.21,2.1171,5.276722
1140,1140,9.953903e-4,1.206600,3.3421,3036.25,2.1136,4.946608
1150,1150,9.953092e-4,1.178525,3.2496,2680.08,2.2345,4.832240
1160,1160,9.952275e-4,1.164984,3.2059,3109.12,2.0948,4.655015
1170,1170,9.951451e-4,1.279897,3.5963,3799.33,1.9476,5.470327
1180,1180,9.950618e-4,1.202735,3.3292,3746.03,1.9603,5.004370
1190,1190,9.949779e-4,1.270007,3.5609,2892.69,2.1540,5.336164
1200,1200,9.948933e-4,1.238125,3.4491,3092.95,2.0936,5.296157
1210,1210,9.94808e-4,1.174572,3.2368,3126.32,2.0850,4.773898
1220,1220,9.94722e-4,1.117498,3.0572,2871.43,2.1646,4.590455
1230,1230,9.946353e-4,1.276686,3.5847,3640.79,1.9736,5.360567
1240,1240,9.945479e-4,1.248609,3.4855,3047.54,2.1043,5.276444
1250,1250,9.944597e-4,1.165991,3.2091,2991.57,2.1241,4.906876
1260,1260,9.943709e-4,1.232238,3.4289,3008.04,2.1173,5.112315
1270,1270,9.942815e-4,1.136761,3.1167,2926.25,2.1446,4.704875
1280,1280,9.941912e-4,1.171430,3.2266,3137.93,2.0827,4.877431
1290,1290,9.941004e-4,1.115881,3.0523,2821.40,2.1881,4.770599
1300,1300,9.940087e-4,1.224479,3.4024,4189.73,1.8995,5.187499
1310,1310,9.939163e-4,1.151993,3.1645,3982.48,1.9276,4.754408
1320,1320,9.938233e-4,1.099609,3.0030,2785.72,2.2021,4.605315
1330,1330,9.937297e-4,1.171023,3.2253,3486.16,2.0060,4.822883
1340,1340,9.936353e-4,1.158225,3.1843,3071.15,2.1056,4.860087
1350,1350,9.9354e-4,1.194191,3.3009,3229.70,2.0644,5.012616
1360,1360,9.934442e-4,1.294701,3.6499,3503.19,1.9969,5.395534
1370,1370,9.933477e-4,1.173267,3.2325,2964.74,2.1331,4.900141
1380,1380,9.932505e-4,1.127397,3.0876,2813.54,2.1859,4.807683
1390,1390,9.931525e-4,1.151426,3.1627,2790.24,2.1898,4.625714
1400,1400,9.93054e-4,1.275530,3.5806,3843.00,1.9456,5.394830
1410,1410,9.929546e-4,1.165760,3.2084,3065.38,2.1087,4.780248
1420,1420,9.928546e-4,1.150972,3.1613,3118.03,2.0937,4.852206
1430,1430,9.927539e-4,1.107071,3.0255,3261.40,2.0534,4.610121
1440,1440,9.926525e-4,1.136613,3.1162,3134.31,2.0855,4.855717
1450,1450,9.925504e-4,1.121778,3.0703,2736.06,2.2176,4.848711
1460,1460,9.924476e-4,1.250837,3.4933,2930.37,2.1489,5.370481
1470,1470,9.92344e-4,1.077053,2.9360,3170.93,2.0777,4.421720
1480,1480,9.922398e-4,1.174152,3.2354,3227.76,2.0632,4.829536
1490,1490,9.921349e-4,1.117913,3.0585,3545.07,1.9957,4.678507
1500,1500,9.920292e-4,1.189914,3.2868,2837.94,2.1860,5.096612
1510,1510,9.919229e-4,1.234955,3.4382,3070.47,2.1017,5.330642
1520,1520,9.918159e-4,1.170116,3.2224,2970.33,2.1339,5.038188
1530,1530,9.917082e-4,1.202999,3.3301,3583.69,1.9907,5.006992
1540,1540,9.915999e-4,1.208051,3.3470,2890.40,2.1563,5.108445
1550,1550,9.914908e-4,1.060209,2.8870,2862.99,2.1719,4.349524
1560,1560,9.91381e-4,1.290371,3.6341,3765.42,1.9582,5.636827
1570,1570,9.912704e-4,1.212495,3.3619,3077.19,2.1057,5.183588
1580,1580,9.911592e-4,1.124343,3.0782,2912.97,2.1565,4.759524
1590,1590,9.910474e-4,1.116139,3.0530,3102.26,2.0977,4.786502
1600,1600,9.909348e-4,1.182091,3.2612,3410.11,2.0231,4.793284
1610,1610,9.908215e-4,1.224256,3.4016,2937.30,2.1429,5.286839
1620,1620,9.907075e-4,1.099775,3.0035,3922.04,1.9357,4.505596
1630,1630,9.905929e-4,1.078339,2.9398,2819.78,2.1858,4.415850
1640,1640,9.904775e-4,1.164543,3.2045,3294.52,2.0468,4.807584
1650,1650,9.903614e-4,1.154494,3.1724,3299.38,2.0489,4.688950
1660,1660,9.902447e-4,1.088311,2.9693,3057.99,2.1090,4.584107
1670,1670,9.901272e-4,1.162744,3.1987,3352.26,2.0322,4.833883
1680,1680,9.90009e-4,1.141607,3.1318,3799.86,1.9475,4.748707
1690,1690,9.898902e-4,1.115505,3.0511,2911.26,2.1478,4.835927
1700,1700,9.897706e-4,1.202373,3.3280,3923.86,1.9253,5.133264
1710,1710,9.896505e-4,1.176551,3.2432,3931.63,1.9269,5.042880
1720,1720,9.895295e-4,1.154605,3.1728,3505.52,1.9954,4.787337
1730,1730,9.894079e-4,1.117977,3.0587,3606.45,1.9768,4.568526
1740,1740,9.892855e-4,1.124144,3.0776,3264.00,2.0475,4.774632
1750,1750,9.891626e-4,1.120448,3.0662,3173.14,2.0723,4.712569
1760,1760,9.890388e-4,1.081956,2.9504,3817.54,1.9425,4.561894
1770,1770,9.889144e-4,1.215356,3.3715,3534.91,1.9959,5.122212
1780,1780,9.887894e-4,1.121165,3.0684,3609.13,1.9765,4.734087
1790,1790,9.886636e-4,1.076056,2.9331,3011.75,2.1141,4.444320
1800,1800,9.885371e-4,1.028154,2.7959,2998.34,2.1221,4.379495
1810,1810,9.8841e-4,1.106513,3.0238,3110.75,2.0836,4.782447
1820,1820,9.882821e-4,1.108422,3.0296,3375.35,2.0222,4.586596
1830,1830,9.881535e-4,1.165719,3.2082,3334.45,2.0358,4.884806
1840,1840,9.880243e-4,1.197053,3.3103,3272.74,2.0452,5.192136
1850,1850,9.878944e-4,1.148120,3.1523,3433.10,2.0114,5.074580
1860,1860,9.877637e-4,1.040489,2.8306,3645.21,1.9727,4.157962
1870,1870,9.876324e-4,1.116020,3.0527,3041.85,2.1109,4.766463
1880,1880,9.875004e-4,1.059073,2.8837,3138.97,2.0815,4.347622
1890,1890,9.873677e-4,1.007209,2.7379,2908.95,2.1514,4.089372
1900,1900,9.872343e-4,1.093128,2.9836,3234.63,2.0576,4.607791
1910,1910,9.871002e-4,1.069043,2.9126,3107.11,2.0880,4.465493
1920,1920,9.869655e-4,1.173380,3.2329,3427.77,2.0207,4.962920
1930,1930,9.8683e-4,1.116295,3.0535,3158.86,2.0796,4.668934
1940,1940,9.866938e-4,1.082380,2.9517,3530.85,1.9945,4.534225
1950,1950,9.86557e-4,1.062932,2.8948,3059.83,2.1020,4.482496
1960,1960,9.864195e-4,1.015300,2.7602,3209.27,2.0581,4.292946
1970,1970,9.862813e-4,1.067722,2.9087,3345.77,2.0210,4.526374
1980,1980,9.861423e-4,1.089337,2.9723,3242.52,2.0473,4.571855
1990,1990,9.860027e-4,1.075055,2.9302,3380.94,2.0117,4.430739
2000,2000,9.858625e-4,1.038770,2.8257,3146.89,2.0670,4.280784
2010,2010,9.857215e-4,1.153889,3.1705,3154.31,2.0700,4.942181
2020,2020,9.855798e-4,1.193266,3.2978,3245.59,2.0452,5.157535
2030,2030,9.854374e-4,1.147750,3.1511,3086.02,2.0867,4.887048
2040,2040,9.852945e-4,1.037606,2.8225,3444.88,2.0105,4.401472
2050,2050,9.851507e-4,1.034065,2.8125,2828.34,2.1717,4.276402
2060,2060,9.850062e-4,1.126249,3.0841,3646.74,1.9712,4.844018
2070,2070,9.848612e-4,1.030694,2.8030,3097.92,2.0947,4.331259
2080,2080,9.847154e-4,1.062009,2.8922,2900.03,2.1544,4.286424
2090,2090,9.84569e-4,1.050182,2.8582,3122.40,2.0846,4.445670
2100,2100,9.844217e-4,1.033172,2.8100,4262.29,1.8906,4.343103
2110,2110,9.842739e-4,1.052463,2.8647,3487.39,2.0089,4.264060
2120,2120,9.841254e-4,0.977840,2.6587,3769.49,1.9596,4.026254
2130,2130,9.839762e-4,1.105322,3.0202,3262.78,2.0685,4.673204
2140,2140,9.838262e-4,0.996950,2.7100,3860.25,1.9551,4.083270
2150,2150,9.836757e-4,1.060208,2.8870,3534.18,1.9953,4.330371
2160,2160,9.835244e-4,1.089211,2.9719,3013.26,2.1253,4.743778
2170,2170,9.833724e-4,1.070475,2.9168,3040.18,2.1138,4.534617
2180,2180,9.832198e-4,1.064165,2.8984,3409.51,2.0081,4.499043
2190,2190,9.830665e-4,1.131409,3.1000,4135.72,1.8928,4.808296
2200,2200,9.829125e-4,1.033183,2.8100,3306.13,2.0461,4.263175
2210,2210,9.827578e-4,0.973295,2.6467,2916.25,2.1453,4.081450
2220,2220,9.826024e-4,1.094782,2.9885,3205.79,2.0651,4.619929
2230,2230,9.824464e-4,1.020913,2.7757,3807.07,1.9444,4.160860
2240,2240,9.822896e-4,1.060795,2.8887,3002.64,2.1155,4.550826
2250,2250,9.821322e-4,1.058833,2.8830,2996.76,2.1175,4.473575
2260,2260,9.819741e-4,0.999721,2.7175,2842.53,2.1628,4.145617
2270,2270,9.818153e-4,0.964241,2.6228,2975.98,2.1227,4.043556
2280,2280,9.816558e-4,1.045362,2.8444,3321.63,2.0299,4.417654
2290,2290,9.814957e-4,1.014788,2.7588,2828.56,2.1667,4.232045
2300,2300,9.813348e-4,0.999771,2.7177,3138.35,2.0771,4.293313
2310,2310,9.811732e-4,1.049904,2.8574,3123.88,2.0785,4.401995
2320,2320,9.810111e-4,1.096556,2.9938,3075.28,2.0938,4.779188
2330,2330,9.808482e-4,1.000676,2.7201,3345.02,2.0251,4.094952
2340,2340,9.806847e-4,1.107814,3.0277,3434.96,2.0095,4.554030
2350,2350,9.805204e-4,0.978654,2.6609,2890.22,2.1527,4.129491
2360,2360,9.803555e-4,1.073052,2.9243,2895.04,2.1551,4.460835
2370,2370,9.801899e-4,1.088891,2.9710,3619.01,1.9735,4.586411
2380,2380,9.800236e-4,1.069185,2.9130,3122.91,2.0776,4.513629
2390,2390,9.798567e-4,1.037993,2.8235,3033.24,2.1158,4.446429
2400,2400,9.796891e-4,1.026556,2.7914,3146.93,2.0814,4.158540
2410,2410,9.795207e-4,0.964377,2.6232,2799.24,2.1894,4.051618
2420,2420,9.793517e-4,1.092637,2.9821,3845.32,1.9418,4.504693
2430,2430,9.791821e-4,1.021375,2.7770,3597.43,1.9835,4.237040
2440,2440,9.790118e-4,0.993610,2.7010,3200.72,2.0720,4.234014
2450,2450,9.788407e-4,1.095858,2.9917,4771.84,1.8326,4.509505
2460,2460,9.78669e-4,0.949892,2.5854,2982.37,2.1285,3.845687
2470,2470,9.784966e-4,0.966346,2.6283,3008.38,2.1172,3.945663
2480,2480,9.783236e-4,1.034329,2.8132,3333.85,2.0381,4.403489
2490,2490,9.781499e-4,1.020418,2.7744,2998.44,2.1453,4.294518
2500,2500,9.779754e-4,1.031111,2.8042,3023.91,2.1151,4.453309
2510,2510,9.778003e-4,0.975417,2.6523,3875.11,1.9330,4.117923
2520,2520,9.776246e-4,1.012317,2.7520,2922.48,2.1465,4.250479
2530,2530,9.774482e-4,0.977958,2.6590,2912.70,2.1451,4.118430
2540,2540,9.772711e-4,1.013021,2.7539,3172.98,2.0671,4.283973
2550,2550,9.770934e-4,0.995968,2.7073,3378.39,2.0169,4.223886
2560,2560,9.769149e-4,1.023675,2.7834,3619.60,1.9724,4.403287
2570,2570,9.767357e-4,1.015650,2.7612,3225.29,2.0511,4.151847
2580,2580,9.765559e-4,1.023276,2.7823,3000.79,2.1157,4.155144
2590,2590,9.763755e-4,0.954090,2.5963,3031.36,2.1022,4.001044
2600,2600,9.761943e-4,0.961790,2.6164,3520.89,1.9884,3.920709
2610,2610,9.7601244e-4,0.983751,2.6745,3093.76,2.0864,4.151042
2620,2620,9.7582996e-4,1.065362,2.9019,3861.35,1.9267,4.520079
2630,2630,9.756468e-4,0.989807,2.6907,3189.13,2.0679,4.249237
2640,2640,9.7546296e-4,0.952863,2.5931,3046.02,2.1021,4.020166
2650,2650,9.7527844e-4,1.038280,2.8244,3031.63,2.1004,4.544090
2660,2660,9.750933e-4,1.001598,2.7226,3356.61,2.0240,4.330443
2670,2670,9.7490737e-4,1.022428,2.7799,2871.20,2.1615,4.337882
2680,2680,9.7472087e-4,0.962547,2.6184,3158.92,2.0669,4.044336
2690,2690,9.745337e-4,1.116172,3.0531,3516.36,1.9924,4.741039
2700,2700,9.743458e-4,0.956116,2.6016,3119.99,2.0824,4.075706
2710,2710,9.741573e-4,1.033573,2.8111,3618.16,1.9689,4.148639
2720,2720,9.73968e-4,1.098772,3.0005,3187.23,2.0586,4.659370
2730,2730,9.7377814e-4,1.011897,2.7508,3413.90,2.0098,4.128242
2740,2740,9.7358756e-4,0.980113,2.6648,2895.76,2.1450,4.157181
2750,2750,9.733964e-4,1.023561,2.7831,3624.47,1.9694,4.273191
2760,2760,9.732045e-4,0.950265,2.5864,2863.35,2.1531,4.023126
2770,2770,9.73012e-4,0.971969,2.6431,3463.38,1.9978,3.999658
2780,2780,9.7281876e-4,1.042467,2.8362,3527.05,1.9864,4.448340
2790,2790,9.726248e-4,1.020149,2.7736,3132.60,2.0741,4.424457
2800,2800,9.724303e-4,0.914901,2.4965,2810.84,2.1733,3.688092
2810,2810,9.7223505e-4,0.999704,2.7175,3958.08,1.9211,4.062675
2820,2820,9.720392e-4,1.052261,2.8641,3157.83,2.0808,4.445579
2830,2830,9.718427e-4,0.978093,2.6594,2924.38,2.1473,4.099678
2840,2840,9.716454e-4,1.028284,2.7963,3475.49,2.0061,4.364921
2850,2850,9.714475e-4,0.987657,2.6849,2783.34,2.1965,4.229074
2860,2860,9.712489e-4,0.985937,2.6803,3381.41,2.0261,4.117579
2870,2870,9.710497e-4,0.981143,2.6675,3063.44,2.1028,4.226836
2880,2880,9.708498e-4,0.926590,2.5259,2893.06,2.1558,3.924510
2890,2890,9.706493e-4,0.995927,2.7072,3162.32,2.0739,4.166620
2900,2900,9.7044813e-4,0.945963,2.5753,3329.83,2.0332,3.902599
2910,2910,9.702462e-4,1.051064,2.8607,3181.13,2.0706,4.514110
2920,2920,9.7004365e-4,0.955289,2.5994,3038.77,2.1108,4.033129
2930,2930,9.6984045e-4,0.967595,2.6316,2901.63,2.1515,3.960171
2940,2940,9.696366e-4,0.972955,2.6458,3685.41,1.9668,3.937127
2950,2950,9.6943206e-4,0.894406,2.4459,2801.19,2.2041,3.648121
2960,2960,9.692268e-4,0.937381,2.5533,3013.69,2.1042,3.900300
2970,2970,9.6902094e-4,0.882271,2.4164,2979.78,2.1172,3.573401
2980,2980,9.688145e-4,0.982168,2.6702,3295.81,2.0328,4.117349
2990,2990,9.686073e-4,0.926649,2.5260,3112.52,2.0796,3.834164
3000,3000,9.6839946e-4,0.945611,2.5744,3116.98,2.0829,3.824660
3010,3010,9.6819096e-4,0.993114,2.6996,3055.05,2.0928,4.140409
3020,3020,9.6798176e-4,0.941346,2.5634,2954.95,2.1228,3.873454
3030,3030,9.6777204e-4,0.903187,2.4675,3092.40,2.0860,3.786973
3040,3040,9.675615e-4,1.010286,2.7464,3220.85,2.0511,4.261178
3050,3050,9.673504e-4,0.989842,2.6908,2969.48,2.1172,4.195827
3060,3060,9.6713856e-4,0.999305,2.7164,3126.50,2.0789,4.176322
3070,3070,9.669261e-4,0.970227,2.6385,3036.72,2.1031,4.178871
3080,3080,9.6671295e-4,0.961472,2.6155,3547.00,1.9822,4.125494
3090,3090,9.6649927e-4,0.960889,2.6140,3182.96,2.0626,4.031982
3100,3100,9.662848e-4,0.874382,2.3974,3156.80,2.0690,3.687425
3110,3110,9.660697e-4,0.958806,2.6086,3520.55,1.9880,4.052890
3120,3120,9.658539e-4,1.025727,2.7891,3441.77,2.0059,4.399579
3130,3130,9.656375e-4,1.018566,2.7692,3283.22,2.0398,4.266302
3140,3140,9.6542045e-4,0.885587,2.4244,2784.38,2.1838,3.692079
3150,3150,9.652028e-4,1.036759,2.8201,3286.73,2.0465,4.449591
3160,3160,9.649845e-4,0.951746,2.5902,2810.72,2.1904,4.079128
3170,3170,9.647654e-4,0.977379,2.6575,3368.86,2.0252,3.942458
3180,3180,9.645457e-4,0.998346,2.7138,3164.31,2.0795,4.190255
3190,3190,9.643254e-4,0.993449,2.7005,3035.01,2.1130,4.211051
3200,3200,9.641044e-4,0.952100,2.5911,3172.68,2.0749,4.030164
3210,3210,9.638827e-4,0.886284,2.4261,3357.56,2.0397,3.713273
3220,3220,9.636604e-4,0.876331,2.4021,2957.49,2.1366,3.645246
3230,3230,9.634375e-4,1.014153,2.7570,4377.92,1.8743,4.287913
3240,3240,9.6321385e-4,0.960380,2.6127,3635.96,1.9861,3.995759
3250,3250,9.6298964e-4,0.993805,2.7015,2960.95,2.1355,4.056078
3260,3260,9.627647e-4,0.948624,2.5822,3293.54,2.0432,4.002648
3270,3270,9.625391e-4,0.947105,2.5782,2928.42,2.1383,4.086706
3280,3280,9.62313e-4,0.961383,2.6153,4199.62,1.8833,4.033256
3290,3290,9.620861e-4,0.931269,2.5377,2988.57,2.1243,3.850724
3300,3300,9.618586e-4,0.955768,2.6007,3259.01,2.0580,3.931398
3310,3310,9.6163043e-4,1.070582,2.9171,3403.02,2.0220,4.585706
3320,3320,9.6140156e-4,0.856086,2.3539,3316.39,2.0377,3.517461
3330,3330,9.611721e-4,1.017701,2.7668,3145.16,2.0808,4.312153
3340,3340,9.6094207e-4,1.049943,2.8575,3493.71,2.0078,4.435023
3350,3350,9.607113e-4,0.957496,2.6052,3107.22,2.0908,4.132407
3360,3360,9.6047984e-4,0.890079,2.4353,2925.90,2.1453,3.634431
3370,3370,9.6024777e-4,0.961447,2.6155,2663.87,2.2282,3.993247
3380,3380,9.6001505e-4,0.856164,2.3541,2773.02,2.1887,3.510077
3390,3390,9.597817e-4,0.943618,2.5693,3571.13,1.9833,3.882472
3400,3400,9.595477e-4,0.942882,2.5674,3654.52,1.9681,3.927288
3410,3410,9.5931307e-4,0.895279,2.4480,2877.54,2.1536,3.637511
3420,3420,9.590778e-4,0.927423,2.5280,2894.28,2.1627,3.952826
3430,3430,9.588419e-4,0.929580,2.5334,3212.37,2.0613,4.018196
3440,3440,9.586053e-4,0.896533,2.4511,2915.89,2.1460,3.758489
3450,3450,9.58368e-4,0.912063,2.4895,2915.83,2.1437,3.949432
3460,3460,9.581301e-4,0.942967,2.5676,3191.29,2.0680,4.015867
3470,3470,9.5789164e-4,0.893968,2.4448,2913.15,2.1396,3.732885
3480,3480,9.5765246e-4,0.910499,2.4856,3395.56,2.0187,3.721181
3490,3490,9.574127e-4,1.022214,2.7793,2978.85,2.1168,4.421281
3500,3500,9.5717225e-4,0.953582,2.5950,3624.62,1.9667,3.999642
3510,3510,9.569311e-4,1.003978,2.7291,3684.28,1.9645,4.135532
3520,3520,9.566894e-4,0.961280,2.6150,3547.61,1.9823,4.067004
3530,3530,9.56447e-4,0.942331,2.5660,3233.95,2.0477,3.948888
3540,3540,9.5620396e-4,0.965162,2.6252,3035.57,2.1068,4.075163
3550,3550,9.559603e-4,0.983376,2.6735,3586.87,1.9749,4.130315
3560,3560,9.55716e-4,0.932133,2.5399,3136.56,2.0751,4.021945
3570,3570,9.5547107e-4,0.911377,2.4877,2929.23,2.1358,3.857037
3580,3580,9.552255e-4,0.835325,2.3056,2921.84,2.1408,3.567500
3590,3590,9.549793e-4,1.002308,2.7246,3103.39,2.0866,4.202901
3600,3600,9.547324e-4,0.918043,2.5044,3759.16,1.9594,3.810508
3610,3610,9.544849e-4,0.905927,2.4742,3202.26,2.0585,3.680724
3620,3620,9.542367e-4,0.957471,2.6051,3872.06,1.9274,3.946054
3630,3630,9.53988e-4,0.991745,2.6959,3405.61,2.0098,4.189397
3640,3640,9.537386e-4,0.955530,2.6000,3064.11,2.0912,3.946354
3650,3650,9.534885e-4,0.923089,2.5171,3410.09,2.0075,3.815778
3660,3660,9.532378e-4,0.938676,2.5566,3175.03,2.0740,3.919583
3670,3670,9.529865e-4,0.918281,2.5050,3508.52,1.9957,3.909238
3680,3680,9.5273455e-4,0.961585,2.6158,4624.23,1.8480,3.882842
3690,3690,9.5248193e-4,0.938698,2.5567,3178.19,2.0721,3.882171
3700,3700,9.5222873e-4,0.904546,2.4708,3518.86,1.9864,3.731193
3710,3710,9.519748e-4,0.873382,2.3950,2783.75,2.1813,3.675356
3720,3720,9.517203e-4,0.914411,2.4953,3890.56,1.9261,3.867125
3730,3730,9.5146516e-4,0.918850,2.5064,3360.86,2.0197,3.935358
3740,3740,9.512094e-4,0.978512,2.6605,3367.27,2.0200,4.162311
3750,3750,9.5095293e-4,0.926974,2.5269,3398.71,2.0152,3.888936
3760,3760,9.5069595e-4,0.930660,2.5362,3065.43,2.1008,3.960364
3770,3770,9.504383e-4,0.859311,2.3615,3122.37,2.0848,3.596023
3780,3780,9.5017994e-4,0.971123,2.6409,3454.65,2.0088,4.030925
3790,3790,9.49921e-4,0.939247,2.5581,3130.85,2.0856,4.011400
3800,3800,9.496614e-4,0.855458,2.3525,3128.44,2.0818,3.515678
3810,3810,9.4940123e-4,0.998576,2.7144,2935.46,2.1358,4.225846
3820,3820,9.491404e-4,0.919639,2.5084,3673.13,1.9570,3.801160
3830,3830,9.4887894e-4,1.018099,2.7679,3691.26,1.9554,4.318638
3840,3840,9.486169e-4,0.981520,2.6685,3085.04,2.0885,4.115664
3850,3850,9.4835414e-4,0.962304,2.6177,3366.66,2.0246,4.062390
3860,3860,9.4809075e-4,0.857656,2.3576,3143.99,2.0862,3.502273
3870,3870,9.478268e-4,0.952069,2.5911,3426.10,2.0205,3.945669
3880,3880,9.475622e-4,0.917108,2.5020,2923.90,2.1494,3.944876
3890,3890,9.47297e-4,0.925100,2.5221,3037.47,2.1153,3.837117
3900,3900,9.470311e-4,0.791755,2.2073,3304.60,2.0511,3.320854
3910,3910,9.4676466e-4,0.859210,2.3613,3109.26,2.0930,3.566296
3920,3920,9.464975e-4,0.904981,2.4719,3526.30,2.0016,3.833493
3930,3930,9.4622973e-4,0.928313,2.5302,3009.28,2.1319,4.005300
3940,3940,9.459614e-4,0.873066,2.3942,3402.64,2.0206,3.634112
3950,3950,9.456924e-4,1.004419,2.7303,3933.36,1.9246,4.251225
3960,3960,9.454228e-4,0.898526,2.4560,2961.95,2.1323,3.677797
3970,3970,9.4515254e-4,0.907318,2.4777,3733.35,1.9517,3.809598
3980,3980,9.4488164e-4,0.947837,2.5801,3813.13,1.9361,3.939071
3990,3990,9.4461016e-4,0.977788,2.6586,3108.01,2.0870,4.008620
4000,4000,9.4433804e-4,0.891955,2.4399,3375.04,2.0246,3.723685
4010,4010,9.4406534e-4,0.858360,2.3593,3209.94,2.0618,3.617162
4020,4020,9.43792e-4,0.957475,2.6051,3901.46,1.9283,3.932720
4030,4030,9.4351795e-4,0.851179,2.3424,2929.52,2.1366,3.578254
4040,4040,9.432434e-4,0.918446,2.5054,3022.38,2.1074,3.863587
4050,4050,9.429681e-4,0.843751,2.3251,3904.61,1.9372,3.587591
4060,4060,9.426923e-4,0.922155,2.5147,2929.01,2.1537,3.778564
4070,4070,9.424158e-4,0.916967,2.5017,3335.25,2.0380,3.879424
4080,4080,9.421388e-4,0.870346,2.3877,2997.33,2.1270,3.525595
4090,4090,9.41861e-4,0.927106,2.5272,3376.36,2.0226,3.791708
4100,4100,9.415827e-4,0.967619,2.6317,3268.79,2.0513,4.178885
4110,4110,9.413038e-4,0.850378,2.3405,3052.71,2.1107,3.461688
4120,4120,9.410243e-4,0.883270,2.4188,3327.75,2.0378,3.652488
4130,4130,9.4074407e-4,0.875888,2.4010,3254.17,2.0580,3.711879
4140,4140,9.404633e-4,0.947708,2.5798,3615.83,1.9819,3.954608
4150,4150,9.4018184e-4,0.897370,2.4531,3257.01,2.0504,3.783237
4160,4160,9.398998e-4,0.912663,2.4909,2938.01,2.1431,3.844653
4170,4170,9.3961717e-4,0.863360,2.3711,2928.66,2.1482,3.550081
4180,4180,9.393339e-4,0.953404,2.5945,3780.17,1.9595,4.006433
4190,4190,9.3905005e-4,0.956236,2.6019,3112.30,2.0915,4.023267
4200,4200,9.387656e-4,0.901237,2.4626,3356.38,2.0291,3.694618
4210,4210,9.384805e-4,0.930528,2.5358,2966.86,2.1198,3.944637
4220,4220,9.3819475e-4,0.832078,2.2981,2769.50,2.1923,3.455611
4230,4230,9.379084e-4,0.970702,2.6398,3408.29,2.0127,4.076018
4240,4240,9.376215e-4,0.876390,2.4022,3212.56,2.0604,3.813826
4250,4250,9.3733397e-4,0.907115,2.4772,4171.58,1.8893,3.708941
4260,4260,9.370458e-4,0.816060,2.2616,3147.05,2.0751,3.322213
4270,4270,9.36757e-4,0.904691,2.4712,3180.75,2.0591,3.860611
4280,4280,9.364676e-4,0.922808,2.5163,3085.81,2.0899,3.905432
4290,4290,9.361776e-4,0.827007,2.2865,2724.47,2.2333,3.384032
4300,4300,9.3588704e-4,0.908215,2.4799,3556.33,1.9898,3.874415
4310,4310,9.3559583e-4,0.904551,2.4708,3408.16,2.0192,3.856385
4320,4320,9.35304e-4,0.910686,2.4860,3274.48,2.0566,3.858564
4330,4330,9.3501154e-4,0.941469,2.5637,3170.81,2.0736,4.023967
4340,4340,9.347185e-4,0.843635,2.3248,2876.48,2.1728,3.643946
4350,4350,9.3442487e-4,0.863964,2.3725,3692.38,1.9615,3.593429
4360,4360,9.341306e-4,0.888365,2.4312,3018.50,2.1033,3.759313
4370,4370,9.3383575e-4,0.973099,2.6461,4280.07,1.8759,4.081149
4380,4380,9.335403e-4,0.980379,2.6655,3237.04,2.0517,4.121330
4390,4390,9.3324424e-4,0.945378,2.5738,3112.05,2.0817,4.023681
4400,4400,9.3294756e-4,0.841585,2.3200,3346.44,2.0320,3.554504
4410,4410,9.3265023e-4,0.874584,2.3979,3407.97,2.0121,3.582296
4420,4420,9.323524e-4,0.904125,2.4698,3374.08,2.0198,3.851031
4430,4430,9.320539e-4,0.940783,2.5620,3588.88,1.9794,3.908318
4440,4440,9.3175477e-4,0.848300,2.3357,3129.62,2.0745,3.631094
4450,4450,9.314551e-4,0.870569,2.3883,2847.10,2.1725,3.587132
4460,4460,9.311548e-4,0.834851,2.3045,2958.11,2.1212,3.512274
4470,4470,9.308539e-4,0.901493,2.4633,3044.10,2.1002,3.724352
4480,4480,9.3055237e-4,0.909822,2.4839,2932.78,2.1335,3.755579
4490,4490,9.302503e-4,0.830593,2.2947,2898.11,2.1499,3.466657
4500,4500,9.299476e-4,0.851674,2.3436,3021.01,2.1159,3.596014
4510,4510,9.2964433e-4,0.904405,2.4705,3137.64,2.0737,3.845399
4520,4520,9.2934043e-4,0.882264,2.4164,3556.16,1.9812,3.707779
4530,4530,9.290359e-4,0.987534,2.6846,3442.73,2.0085,4.272958
4540,4540,9.287308e-4,0.892098,2.4402,3172.34,2.0694,3.740995
4550,4550,9.2842506e-4,0.896339,2.4506,3338.29,2.0278,3.792736
4560,4560,9.2811877e-4,0.849918,2.3395,3407.25,2.0110,3.654789
4570,4570,9.2781195e-4,0.911367,2.4877,3429.68,2.0007,3.779123
4580,4580,9.2750444e-4,0.915517,2.4981,3185.46,2.0658,3.896870
4590,4590,9.271963e-4,0.919187,2.5073,3346.87,2.0339,3.899316
4600,4600,9.268876e-4,0.862603,2.3693,3266.94,2.0486,3.586285
4610,4610,9.2657836e-4,0.873858,2.3961,2803.48,2.1831,3.696872
4620,4620,9.2626846e-4,0.748160,2.1131,2983.23,2.1267,3.168116
4630,4630,9.2595804e-4,1.003503,2.7278,3691.91,1.9717,4.390286
4640,4640,9.25647e-4,0.860460,2.3642,2877.41,2.1598,3.595478
4650,4650,9.2533533e-4,0.810266,2.2485,3066.91,2.1032,3.314502
4660,4660,9.2502305e-4,0.938780,2.5569,3956.11,1.9192,3.779419
4670,4670,9.2471024e-4,0.881995,2.4157,3780.84,1.9473,3.503367
4680,4680,9.2439685e-4,0.871176,2.3897,3598.00,1.9719,3.631266
4690,4690,9.240828e-4,0.874919,2.3987,3053.16,2.0974,3.645901
4700,4700,9.237682e-4,0.863240,2.3708,3043.58,2.1047,3.628119
4710,4710,9.23453e-4,0.808013,2.2434,3235.50,2.0500,3.441823
4720,4720,9.231372e-4,0.839470,2.3151,3151.77,2.0678,3.497594
4730,4730,9.228208e-4,0.909235,2.4824,3448.67,1.9999,3.708186
4740,4740,9.225038e-4,0.894828,2.4469,2985.40,2.1203,3.953223
4750,4750,9.2218624e-4,0.854760,2.3508,2903.37,2.1429,3.639427
4760,4760,9.2186814e-4,0.864090,2.3728,3215.79,2.0532,3.673642
4770,4770,9.215494e-4,0.907469,2.4780,3405.65,2.0133,3.895458
4780,4780,9.212301e-4,0.946484,2.5766,3269.81,2.0486,4.047054
4790,4790,9.2091016e-4,0.842091,2.3212,3267.05,2.0492,3.623952
4800,4800,9.205897e-4,0.898677,2.4564,3512.97,1.9918,3.686185
4810,4810,9.2026865e-4,0.926216,2.5249,3987.65,1.9126,3.885962
4820,4820,9.1994694e-4,0.813148,2.2550,2820.41,2.1718,3.461226
4830,4830,9.1962476e-4,0.944118,2.5705,3618.77,1.9702,3.914082
4840,4840,9.1930194e-4,0.865184,2.3754,3504.99,1.9906,3.658100
4850,4850,9.189785e-4,0.823048,2.2774,2967.69,2.1323,3.469453
4860,4860,9.186545e-4,0.861299,2.3662,2825.74,2.1684,3.617821
4870,4870,9.1832987e-4,0.866706,2.3791,2743.33,2.2057,3.742508
4880,4880,9.180048e-4,0.902674,2.4662,3422.46,2.0192,3.899024
4890,4890,9.1767905e-4,0.859778,2.3626,2919.09,2.1474,3.626809
4900,4900,9.1735274e-4,0.902004,2.4645,3858.71,1.9364,3.893859
4910,4910,9.170258e-4,0.839775,2.3158,2867.37,2.1596,3.501365
4920,4920,9.1669837e-4,0.853458,2.3478,2903.46,2.1535,3.531137
4930,4930,9.1637025e-4,0.898112,2.4550,3069.83,2.0918,3.744301
4940,4940,9.1604167e-4,0.821530,2.2740,2850.88,2.1589,3.296953
4950,4950,9.157124e-4,0.883626,2.4197,2939.99,2.1309,3.738115
4960,4960,9.1538264e-4,0.898519,2.4560,2956.23,2.1225,3.768356
4970,4970,9.1505225e-4,0.901279,2.4628,2980.21,2.1134,3.699455
4980,4980,9.147213e-4,0.884401,2.4215,2797.80,2.1817,3.895789
4990,4990,9.143898e-4,0.920291,2.5100,3271.05,2.0389,3.957577
5000,5000,9.1405766e-4,0.889242,2.4333,3306.29,2.0307,3.736708
5010,5010,9.13725e-4,0.862742,2.3697,3035.93,2.1020,3.684041
5020,5020,9.133917e-4,0.942008,2.5651,3419.30,2.0084,4.026599
5030,5030,9.1305794e-4,0.888695,2.4320,3685.16,1.9540,3.778360
5040,5040,9.1272354e-4,0.934200,2.5452,3605.34,1.9776,3.963315
5050,5050,9.1238855e-4,0.886357,2.4263,3343.53,2.0240,3.759449
5060,5060,9.120531e-4,0.886371,2.4263,3048.81,2.0953,3.650618
5070,5070,9.1171695e-4,0.943941,2.5701,3311.55,2.0337,4.009929
5080,5080,9.113803e-4,0.804031,2.2345,3063.88,2.0938,3.429342
5090,5090,9.1104297e-4,0.951089,2.5885,3050.17,2.0951,3.980315
5100,5100,9.107052e-4,0.839558,2.3153,3211.39,2.0553,3.489856
5110,5110,9.1036677e-4,0.871414,2.3903,3180.50,2.0618,3.738612
5120,5120,9.100278e-4,0.926624,2.5260,3367.98,2.0194,3.883136
5130,5130,9.096883e-4,0.855326,2.3521,3040.19,2.1012,3.718707
5140,5140,9.093482e-4,0.938766,2.5568,3104.57,2.0830,3.917328
5150,5150,9.0900756e-4,0.862899,2.3700,3543.41,1.9832,3.588032
5160,5160,9.0866635e-4,0.901002,2.4621,3137.38,2.0762,3.813066
5170,5170,9.083245e-4,0.902858,2.4666,3430.76,2.0027,3.845502
5180,5180,9.079821e-4,0.910846,2.4864,3621.16,1.9707,3.742774
5190,5190,9.076393e-4,0.945998,2.5754,3159.03,2.0757,3.973764
5200,5200,9.0729573e-4,0.925994,2.5244,3215.96,2.0539,3.851377
5210,5210,9.069516e-4,0.817002,2.2637,3202.82,2.0624,3.335937
5220,5220,9.06607e-4,0.842930,2.3232,3024.24,2.1136,3.455172
5230,5230,9.062619e-4,0.804745,2.2361,3074.55,2.0891,3.385579
5240,5240,9.059161e-4,0.781547,2.1848,2881.59,2.1457,3.303116
5250,5250,9.055698e-4,0.887290,2.4285,2776.65,2.1868,3.691755
5260,5260,9.052229e-4,0.835169,2.3052,3123.50,2.0726,3.441313
5270,5270,9.048755e-4,0.859903,2.3629,2943.57,2.1490,3.634647
5280,5280,9.045275e-4,0.810293,2.2486,2850.93,2.1760,3.349442
5290,5290,9.0417895e-4,0.852187,2.3448,3114.88,2.0913,3.540744
5300,5300,9.038299e-4,0.885074,2.4232,3975.72,1.9234,3.725657
5310,5310,9.0348016e-4,0.885427,2.4240,3089.66,2.0969,3.787687
5320,5320,9.031299e-4,0.914294,2.4950,3693.04,1.9657,3.724663
5330,5330,9.0277917e-4,0.868626,2.3836,2955.79,2.1619,3.717847
5340,5340,9.024278e-4,0.866541,2.3787,3308.76,2.0876,3.662829
5350,5350,9.020759e-4,0.857947,2.3583,3292.77,2.0780,3.678974
5360,5360,9.0172346e-4,0.874417,2.3975,2995.71,2.1262,3.691637
5370,5370,9.013704e-4,0.950929,2.5881,4517.51,1.8510,3.878531
5380,5380,9.010169e-4,0.883638,2.4197,3403.83,2.0099,3.653241
5390,5390,9.0066274e-4,0.850816,2.3416,3626.42,1.9673,3.547622
5400,5400,9.003081e-4,0.903349,2.4679,3235.21,2.0526,3.794274
5410,5410,8.9995284e-4,0.905110,2.4722,2900.57,2.1421,3.868769
5420,5420,8.99597e-4,0.903871,2.4691,3026.41,2.1033,3.756411
5430,5430,8.992407e-4,0.821106,2.2730,3263.85,2.0424,3.439962
5440,5440,8.9888385e-4,0.852021,2.3444,3010.75,2.1096,3.665632
5450,5450,8.985264e-4,0.852434,2.3453,3211.52,2.0559,3.593808
5460,5460,8.981684e-4,0.898517,2.4560,3637.90,1.9706,3.717103
5470,5470,8.978099e-4,0.880003,2.4109,3071.78,2.0862,3.669809
5480,5480,8.9745084e-4,0.843209,2.3238,2948.40,2.1229,3.707289
5490,5490,8.970912e-4,0.883926,2.4204,2920.01,2.1367,3.775285
5500,5500,8.9673104e-4,0.910074,2.4845,3513.19,2.0073,3.819892
5510,5510,8.963703e-4,0.810843,2.2498,3467.97,2.0084,3.325970
5520,5520,8.96009e-4,0.796730,2.2183,3071.74,2.1082,3.370056
5530,5530,8.956472e-4,0.878132,2.4064,3081.03,2.0897,3.667688
5540,5540,8.9528476e-4,0.968181,2.6331,3738.85,1.9458,4.005415
5550,5550,8.9492195e-4,0.860602,2.3646,3101.78,2.0822,3.653624
5560,5560,8.9455844e-4,0.848142,2.3353,2885.07,2.1480,3.590321
5570,5570,8.941944e-4,0.834721,2.3042,2677.85,2.2243,3.435238
5580,5580,8.938299e-4,0.904194,2.4699,3022.59,2.1098,3.945558
5590,5590,8.934648e-4,0.849341,2.3381,3105.15,2.0763,3.628860
5600,5600,8.930992e-4,0.829278,2.2917,3469.31,2.0003,3.441667
5610,5610,8.9273305e-4,0.916086,2.4995,3024.47,2.1109,4.009074
5620,5620,8.9236634e-4,0.935411,2.5483,3678.16,1.9625,3.840395
5630,5630,8.91999e-4,0.805380,2.2375,3667.66,1.9614,3.407901
5640,5640,8.9163124e-4,0.750718,2.1185,3450.15,2.0037,3.165229
5650,5650,8.912629e-4,0.918508,2.5055,3699.00,1.9575,3.806039
5660,5660,8.90894e-4,0.800951,2.2277,3043.42,2.0975,3.239675
5670,5670,8.905246e-4,0.855178,2.3518,3180.53,2.0713,3.598074
5680,5680,8.901547e-4,0.830393,2.2942,3958.48,1.9165,3.466956
5690,5690,8.897842e-4,0.901788,2.4640,3271.34,2.0394,3.935383
5700,5700,8.894132e-4,0.858545,2.3597,2976.07,2.1237,3.562717
5710,5710,8.890416e-4,0.936948,2.5522,3429.97,2.0073,3.902293
5720,5720,8.886695e-4,0.796701,2.2182,2894.52,2.1422,3.370715
5730,5730,8.8829687e-4,0.897474,2.4534,3531.91,1.9854,3.825539
5740,5740,8.879237e-4,0.869634,2.3860,3059.07,2.0995,3.669139
5750,5750,8.8755006e-4,0.863339,2.3711,2956.76,2.1259,3.756688
5760,5760,8.871758e-4,0.854741,2.3508,3154.90,2.0736,3.626521
5770,5770,8.8680105e-4,0.827276,2.2871,3842.16,1.9345,3.465387
5780,5780,8.864258e-4,0.862578,2.3693,3078.72,2.0925,3.667751
5790,5790,8.8604994e-4,0.836848,2.3091,3038.35,2.1116,3.571301
5800,5800,8.8567357e-4,0.889013,2.4327,3384.47,2.0152,3.802292
5810,5810,8.852967e-4,0.824156,2.2800,3352.11,2.0254,3.425387
5820,5820,8.849192e-4,0.848657,2.3365,3051.67,2.0992,3.549610
5830,5830,8.8454137e-4,0.837553,2.3107,2826.96,2.1648,3.496419
5840,5840,8.8416284e-4,0.759240,2.1367,3465.80,1.9972,3.187964
5850,5850,8.8378385e-4,0.911939,2.4891,3183.99,2.0656,3.950462
5860,5860,8.834043e-4,0.853397,2.3476,3010.00,2.1085,3.424194
5870,5870,8.8302424e-4,0.811169,2.2505,2801.88,2.1795,3.460321
5880,5880,8.826436e-4,0.835019,2.3049,3214.64,2.0599,3.471392
5890,5890,8.8226254e-4,0.870050,2.3870,3264.41,2.0432,3.608994
5900,5900,8.8188093e-4,0.888691,2.4319,3798.36,1.9420,3.641399
5910,5910,8.8149874e-4,0.819933,2.2703,3068.40,2.0983,3.516793
5920,5920,8.8111614e-4,0.837841,2.3114,3282.47,2.0386,3.595704
5930,5930,8.8073296e-4,0.810056,2.2480,3269.37,2.0409,3.490455
5940,5940,8.8034914e-4,0.803031,2.2323,2919.05,2.1412,3.353444
5950,5950,8.7996497e-4,0.899437,2.4582,3193.96,2.0627,3.820635
5960,5960,8.7958016e-4,0.812725,2.2540,3442.73,2.0071,3.282683
5970,5970,8.791949e-4,0.831385,2.2965,3423.14,2.0097,3.447131
5980,5980,8.788091e-4,0.800340,2.2263,3155.35,2.0728,3.290637
5990,5990,8.784228e-4,0.842526,2.3222,3151.02,2.0766,3.476524
6000,6000,8.780359e-4,0.878740,2.4079,3149.62,2.0752,3.710925
6010,6010,8.7764853e-4,0.811490,2.2513,3127.06,2.0777,3.442130
6020,6020,8.7726064e-4,0.775231,2.1711,3077.09,2.0928,3.248706
6030,6030,8.768723e-4,0.805505,2.2378,2677.52,2.2327,3.349638
6040,6040,8.7648333e-4,0.864242,2.3732,3521.50,1.9892,3.574232
6050,6050,8.760939e-4,0.908529,2.4807,3349.72,2.0237,3.825572
6060,6060,8.75704e-4,0.749026,2.1149,3165.41,2.0709,3.118788
6070,6070,8.753136e-4,0.780102,2.1817,3133.95,2.0752,3.302097
6080,6080,8.7492255e-4,0.893476,2.4436,3328.63,2.0296,3.751323
6090,6090,8.745311e-4,0.823320,2.2780,3012.04,2.1108,3.435443
6100,6100,8.741391e-4,0.799880,2.2253,3341.17,2.0274,3.292634
6110,6110,8.737466e-4,0.815948,2.2613,3150.35,2.0714,3.432632
6120,6120,8.733535e-4,0.860556,2.3645,2891.50,2.1481,3.598258
6130,6130,8.729601e-4,0.830917,2.2954,2835.97,2.1649,3.490575
6140,6140,8.72566e-4,0.846370,2.3312,2911.60,2.1425,3.512117
6150,6150,8.721714e-4,0.885577,2.4244,3083.79,2.0935,3.636055
6160,6160,8.7177637e-4,0.816991,2.2637,3111.01,2.0781,3.332060
6170,6170,8.7138085e-4,0.861284,2.3662,3362.80,2.0199,3.617751
6180,6180,8.709847e-4,0.813035,2.2547,3023.82,2.1067,3.436627
6190,6190,8.705882e-4,0.895588,2.4488,3354.65,2.0209,3.824451
6200,6200,8.701911e-4,0.790063,2.2035,3597.68,1.9730,3.305320
6210,6210,8.6979347e-4,0.900531,2.4609,3193.85,2.0587,3.768226
6220,6220,8.693954e-4,0.880278,2.4116,3471.43,1.9944,3.712098
6230,6230,8.689968e-4,0.808484,2.2445,3485.60,1.9922,3.432405
6240,6240,8.685977e-4,0.798915,2.2231,3106.17,2.0833,3.387386
6250,6250,8.681981e-4,0.817740,2.2654,3933.56,1.9203,3.496558
6260,6260,8.67798e-4,0.877362,2.4045,3064.52,2.0940,3.643435
6270,6270,8.6739735e-4,0.794075,2.2124,2878.68,2.1523,3.395427
6280,6280,8.6699624e-4,0.858600,2.3599,2999.42,2.1135,3.688097
6290,6290,8.665946e-4,0.845696,2.3296,3683.73,1.9589,3.600655
6300,6300,8.661925e-4,0.847535,2.3339,3048.30,2.1009,3.571454
6310,6310,8.6578995e-4,0.745375,2.1072,3308.69,2.0325,3.110178
6320,6320,8.6538686e-4,0.805095,2.2369,3675.76,1.9590,3.333169
6330,6330,8.6498325e-4,0.839502,2.3152,3614.84,1.9715,3.668645
6340,6340,8.6457905e-4,0.846480,2.3314,3088.10,2.0867,3.606824
6350,6350,8.6417445e-4,0.780658,2.1829,2878.81,2.1536,3.214665
6360,6360,8.637694e-4,0.838425,2.3127,3175.50,2.0722,3.521576
6370,6370,8.633638e-4,0.787464,2.1978,3229.31,2.0516,3.295039
6380,6380,8.6295774e-4,0.798301,2.2218,3162.26,2.0680,3.426953
6390,6390,8.625511e-4,0.839617,2.3155,2890.23,2.1518,3.449331
6400,6400,8.62144e-4,0.775413,2.1715,3216.28,2.0556,3.350447
6410,6410,8.617365e-4,0.844276,2.3263,3189.41,2.0631,3.446023
6420,6420,8.613284e-4,0.703311,2.0204,2992.43,2.1162,2.934949
6430,6430,8.609198e-4,0.803406,2.2331,3043.83,2.0992,3.413444
6440,6440,8.605108e-4,0.922770,2.5163,3012.10,2.1094,3.912272
6450,6450,8.6010125e-4,0.920716,2.5111,3330.52,2.0295,3.944371
6460,6460,8.5969124e-4,0.892690,2.4417,3427.72,2.0082,3.690557
6470,6470,8.5928076e-4,0.831109,2.2959,4259.16,1.8778,3.454810
6480,6480,8.588697e-4,0.856843,2.3557,3497.59,1.9935,3.616727
6490,6490,8.5845817e-4,0.869444,2.3856,2955.15,2.1259,3.789846
6500,6500,8.580463e-4,0.808354,2.2442,3482.87,1.9964,3.373058
6510,6510,8.576338e-4,0.898787,2.4566,3279.81,2.0407,3.779912
6520,6520,8.572208e-4,0.849489,2.3385,2979.11,2.1173,3.685604
6530,6530,8.5680734e-4,0.880202,2.4114,3176.98,2.0616,3.719897
6540,6540,8.563935e-4,0.827357,2.2873,3267.47,2.0404,3.448605
6550,6550,8.5597904e-4,0.826640,2.2856,3144.33,2.0709,3.590565
6560,6560,8.5556414e-4,0.875709,2.4006,3355.37,2.0185,3.623866
6570,6570,8.5514877e-4,0.830793,2.2951,3061.30,2.0971,3.523516
6580,6580,8.547329e-4,0.800879,2.2275,3318.16,2.0285,3.381927
6590,6590,8.5431663e-4,0.828594,2.2901,3615.19,1.9698,3.416657
6600,6600,8.538998e-4,0.879437,2.4095,3483.04,1.9963,3.687359
6610,6610,8.534825e-4,0.824338,2.2804,3295.46,2.0343,3.498285
6620,6620,8.530647e-4,0.810168,2.2483,3210.14,2.0550,3.344143
6630,6630,8.526464e-4,0.812196,2.2529,2951.91,2.1332,3.409174
6640,6640,8.5222773e-4,0.853760,2.3485,3602.56,1.9698,3.545672
6650,6650,8.518085e-4,0.807394,2.2421,3110.78,2.0795,3.309734
6660,6660,8.513888e-4,0.859700,2.3625,3176.74,2.0620,3.661038
6670,6670,8.509687e-4,0.770873,2.1617,3691.69,1.9585,3.229001
6680,6680,8.505481e-4,0.889562,2.4341,3563.37,1.9822,3.756027
6690,6690,8.50127e-4,0.806790,2.2407,3072.43,2.0933,3.327140
6700,6700,8.4970536e-4,0.781645,2.1851,3203.57,2.0549,3.252383
6710,6710,8.492833e-4,0.758459,2.1350,2943.12,2.1272,3.172270
6720,6720,8.488608e-4,0.841076,2.3189,3135.21,2.0764,3.561008
6730,6730,8.484378e-4,0.928767,2.5314,3137.66,2.0713,4.069843
6740,6740,8.4801426e-4,0.828536,2.2900,3260.71,2.0429,3.601986
6750,6750,8.475904e-4,0.811886,2.2522,3918.75,1.9196,3.338488
6760,6760,8.4716594e-4,0.875679,2.4005,3308.78,2.0291,3.670950
6770,6770,8.467411e-4,0.780840,2.1833,2981.73,2.1159,3.298654
6780,6780,8.4631576e-4,0.733194,2.0817,2880.44,2.1536,3.022468
6790,6790,8.4588985e-4,0.771377,2.1627,2726.89,2.2046,3.212608
6800,6800,8.454636e-4,0.761910,2.1424,2981.70,2.1171,3.149597
6810,6810,8.4503694e-4,0.836109,2.3074,3409.64,2.0135,3.505271
6820,6820,8.4460963e-4,0.721894,2.0583,2968.45,2.1230,3.030334
6830,6830,8.441819e-4,0.778433,2.1781,3144.69,2.0700,3.263321
6840,6840,8.437538e-4,0.873789,2.3960,3814.74,1.9388,3.707911
6850,6850,8.433252e-4,0.813375,2.2555,2982.34,2.1178,3.410073
6860,6860,8.428961e-4,0.827898,2.2885,2790.69,2.1781,3.440941
6870,6870,8.424666e-4,0.900613,2.4611,3393.33,2.0839,3.942696
6880,6880,8.420366e-4,0.803494,2.2333,2884.02,2.1831,3.343505
6890,6890,8.416062e-4,0.877636,2.4052,3236.93,2.0742,3.840446
6900,6900,8.411752e-4,0.980082,2.6647,3187.72,2.0762,4.177844
6910,6910,8.407438e-4,0.844568,2.3270,4070.72,1.9111,3.572505
6920,6920,8.40312e-4,0.852545,2.3456,3192.80,2.0693,3.538347
