step,batch,lr,loss,perplexity,ms_per_step,s_per_norm_seq,word_loss
100,12,8e-6,6.013506,408.9144,371.10,0.2404,31.263643
200,25,1.6666667e-5,5.188688,179.2332,56.96,0.0349,26.828079
300,37,2.4666666e-5,4.323465,75.4496,46.28,0.0299,22.316601
400,50,3.3333334e-5,3.655102,38.6715,47.35,0.0294,19.001396
500,62,4.1333333e-5,3.183042,24.1200,47.74,0.0309,16.555967
600,75,5e-5,2.799196,16.4314,55.73,0.0350,14.585567
700,87,5.7999998e-5,2.505241,12.2465,49.96,0.0305,12.992576
800,100,6.666667e-5,2.274665,9.7247,47.20,0.0295,11.916879
900,112,7.466666e-5,2.063538,7.8738,46.28,0.0287,10.663685
1000,125,8.333333e-5,1.936091,6.9316,46.27,0.0313,10.135177
1100,137,9.1333335e-5,1.824828,6.2017,51.27,0.0301,9.491009
1200,150,9.999986e-5,1.686600,5.4011,46.93,0.0302,8.683622
1300,162,9.999983e-5,1.587998,4.8939,46.36,0.0303,8.248915
1400,175,9.99998e-5,1.524108,4.5910,43.08,0.0277,7.879730
1500,187,9.999979e-5,1.457128,4.2936,44.18,0.0291,7.590655
1600,200,9.999974e-5,1.454562,4.2826,41.30,0.0271,7.653195
1700,212,9.9999714e-5,1.368082,3.9278,42.44,0.0261,7.103899
1800,225,9.9999685e-5,1.347406,3.8474,45.10,0.0260,7.021005
1900,237,9.999964e-5,1.300633,3.6716,42.50,0.0271,6.802567
2000,250,9.99996e-5,1.262251,3.5334,42.24,0.0263,6.577930
2100,262,9.999957e-5,1.244012,3.4695,47.40,0.0298,6.519078
2200,275,9.9999525e-5,1.219125,3.3842,43.79,0.0251,6.335059
2300,287,9.999948e-5,1.163423,3.2009,42.16,0.0282,6.051899
2400,300,9.999944e-5,1.173217,3.2324,41.57,0.0271,6.130157
2500,312,9.999939e-5,1.112589,3.0422,41.79,0.0251,5.756450
2600,325,9.9999335e-5,1.097925,2.9979,42.01,0.0265,5.707294
2700,337,9.999928e-5,1.115165,3.0501,41.61,0.0263,5.889209
2800,350,9.999923e-5,1.083546,2.9551,41.56,0.0260,5.620142
2900,362,9.9999175e-5,1.056242,2.8755,43.81,0.0284,5.499684
3000,375,9.999912e-5,1.013503,2.7552,45.68,0.0307,5.218645
3100,387,9.999906e-5,1.024421,2.7855,51.10,0.0333,5.343500
3200,400,9.9998986e-5,1.030845,2.8034,47.28,0.0308,5.393627
3300,412,9.999893e-5,1.002333,2.7246,46.86,0.0280,5.206140
3400,425,9.999887e-5,1.009700,2.7448,46.23,0.0294,5.243138
3500,437,9.99988e-5,0.975536,2.6526,45.04,0.0304,5.110987
3600,450,9.9998724e-5,0.966893,2.6298,46.32,0.0288,5.038211
3700,462,9.999865e-5,0.969767,2.6373,47.59,0.0271,5.006168
3800,475,9.999858e-5,0.939805,2.5595,45.18,0.0285,4.924052
3900,487,9.9998506e-5,0.948332,2.5814,47.02,0.0294,4.926310
4000,500,9.999842e-5,0.934932,2.5470,47.88,0.0284,4.857999
4100,512,9.9998346e-5,0.909704,2.4836,51.69,0.0322,4.719247
4200,525,9.999826e-5,0.922083,2.5145,45.62,0.0286,4.781325
4300,537,9.999817e-5,0.888847,2.4323,46.32,0.0294,4.620605
4400,550,9.99981e-5,0.919752,2.5087,45.72,0.0277,4.834276
4500,562,9.999801e-5,0.868103,2.3824,45.19,0.0301,4.507664
4600,575,9.999791e-5,0.899816,2.4591,47.25,0.0290,4.720033
4700,587,9.999782e-5,0.870312,2.3877,45.99,0.0283,4.508917
4800,600,9.999772e-5,0.875975,2.4012,48.26,0.0304,4.606881
4900,612,9.999763e-5,0.862755,2.3697,46.07,0.0292,4.524981
5000,625,9.999753e-5,0.864527,2.3739,44.90,0.0311,4.499971
5100,637,9.999744e-5,0.873412,2.3951,51.62,0.0324,4.582290
5200,650,9.999733e-5,0.899628,2.4587,47.59,0.0293,4.695439
5300,662,9.999724e-5,0.818039,2.2661,45.78,0.0313,4.232066
5400,675,9.999712e-5,0.876507,2.4025,48.15,0.0281,4.567982
5500,687,9.999702e-5,0.852458,2.3454,45.01,0.0299,4.471294
5600,700,9.9996905e-5,0.828437,2.2897,46.53,0.0304,4.325694
5700,712,9.99968e-5,0.843489,2.3245,48.91,0.0286,4.404441
5800,725,9.999669e-5,0.823845,2.2792,45.25,0.0287,4.325859
5900,737,9.999657e-5,0.821341,2.2735,47.25,0.0316,4.262747
6000,750,9.9996454e-5,0.810054,2.2480,48.48,0.0299,4.212290
6100,762,9.999634e-5,0.787821,2.1986,52.83,0.0345,4.092171
6200,775,9.999621e-5,0.812711,2.2540,46.98,0.0310,4.228228
6300,787,9.999609e-5,0.812337,2.2532,47.97,0.0298,4.262108
6400,800,9.999596e-5,0.774710,2.1700,49.41,0.0314,4.043061
6500,812,9.999584e-5,0.811119,2.2504,48.46,0.0299,4.242313
6600,825,9.99957e-5,0.809726,2.2473,46.14,0.0283,4.238043
6700,837,9.999558e-5,0.786302,2.1953,49.07,0.0303,4.082228
6800,850,9.9995435e-5,0.775693,2.1721,46.29,0.0308,4.052557
6900,862,9.9995304e-5,0.790055,2.2035,47.00,0.0307,4.152138
7000,875,9.999516e-5,0.809005,2.2457,47.13,0.0277,4.219162
7100,887,9.999503e-5,0.796945,2.2188,51.03,0.0322,4.182219
7200,900,9.999488e-5,0.790655,2.2048,47.90,0.0281,4.108063
7300,912,9.999474e-5,0.766506,2.1522,45.91,0.0294,4.012096
7400,925,9.999459e-5,0.764413,2.1477,44.87,0.0292,4.021248
7500,937,9.999446e-5,0.754021,2.1255,46.43,0.0299,3.901210
7600,950,9.99943e-5,0.758458,2.1350,46.24,0.0285,3.933262
7700,962,9.9994155e-5,0.764339,2.1476,45.86,0.0289,4.022933
7800,975,9.9993995e-5,0.754294,2.1261,46.86,0.0286,3.949169
7900,987,9.999385e-5,0.753707,2.1249,47.71,0.0271,3.909074
8000,1000,9.9993675e-5,0.736696,2.0890,46.50,0.0299,3.844637
8100,1012,9.999353e-5,0.743035,2.1023,51.42,0.0327,3.897495
8200,1025,9.999337e-5,0.753798,2.1251,46.29,0.0285,3.956865
8300,1037,9.999321e-5,0.735728,2.0870,47.40,0.0294,3.835996
8400,1050,9.9993034e-5,0.737426,2.0905,46.99,0.0291,3.844885
8500,1062,9.9992874e-5,0.722756,2.0601,45.94,0.0287,3.771225
8600,1075,9.99927e-5,0.730996,2.0771,46.96,0.0297,3.851778
8700,1087,9.999254e-5,0.715405,2.0450,47.15,0.0305,3.741806
8800,1100,9.9992365e-5,0.714132,2.0424,48.17,0.0291,3.715783
8900,1112,9.999219e-5,0.723504,2.0616,47.75,0.0293,3.753824
9000,1125,9.9992e-5,0.715069,2.0443,47.16,0.0301,3.744114
9100,1137,9.999184e-5,0.703110,2.0200,50.74,0.0319,3.655682
9200,1150,9.999165e-5,0.704490,2.0228,47.16,0.0286,3.665195
9300,1162,9.999148e-5,0.733961,2.0833,46.58,0.0285,3.838353
9400,1175,9.999127e-5,0.706940,2.0278,45.74,0.0291,3.680515
9500,1187,9.99911e-5,0.710113,2.0342,46.11,0.0298,3.710305
9600,1200,9.999091e-5,0.708783,2.0315,45.62,0.0306,3.700645
9700,1212,9.999072e-5,0.696958,2.0076,46.64,0.0308,3.625468
9800,1225,9.999052e-5,0.709614,2.0332,46.41,0.0295,3.731520
9900,1237,9.999033e-5,0.699673,2.0131,47.14,0.0287,3.673813
10000,1250,9.9990124e-5,0.706740,2.0274,48.48,0.0274,3.720566
10100,1262,9.9989935e-5,0.699154,2.0120,50.24,0.0334,3.633662
10200,1275,9.998973e-5,0.706124,2.0261,46.53,0.0290,3.676144
10300,1287,9.998954e-5,0.693332,2.0004,45.00,0.0283,3.630303
10400,1300,9.9989324e-5,0.688479,1.9907,45.60,0.0297,3.584059
10500,1312,9.9989134e-5,0.696865,2.0074,45.51,0.0293,3.631837
10600,1325,9.9988916e-5,0.691848,1.9974,47.21,0.0301,3.579777
10700,1337,9.998871e-5,0.667069,1.9485,48.94,0.0316,3.440091
10800,1350,9.9988494e-5,0.722319,2.0592,47.64,0.0309,3.771943
10900,1362,9.998829e-5,0.686719,1.9872,46.65,0.0315,3.600561
11000,1375,9.998806e-5,0.677138,1.9682,48.79,0.0324,3.541347
11100,1387,9.9987854e-5,0.654404,1.9240,51.00,0.0339,3.418797
11200,1400,9.998762e-5,0.680377,1.9746,49.37,0.0291,3.546420
11300,1412,9.99874e-5,0.652174,1.9197,47.68,0.0297,3.399704
11400,1425,9.998717e-5,0.659112,1.9331,48.09,0.0290,3.424810
11500,1437,9.998695e-5,0.669276,1.9528,46.28,0.0311,3.504378
11600,1450,9.998672e-5,0.687009,1.9878,47.26,0.0313,3.588601
11700,1462,9.99865e-5,0.647869,1.9115,48.63,0.0313,3.361100
11800,1475,9.998625e-5,0.655539,1.9262,47.81,0.0321,3.437607
11900,1487,9.9986035e-5,0.656353,1.9277,47.15,0.0311,3.423487
12000,1500,9.998579e-5,0.662979,1.9406,48.03,0.0304,3.464090
12100,1512,9.9985555e-5,0.629568,1.8768,51.43,0.0325,3.233405
12200,1525,9.998531e-5,0.639907,1.8963,47.07,0.0305,3.346604
12300,1537,9.9985074e-5,0.668603,1.9515,50.26,0.0305,3.491620
12400,1550,9.998483e-5,0.674325,1.9627,48.03,0.0315,3.552920
12500,1562,9.9984594e-5,0.670640,1.9555,47.05,0.0302,3.507042
12600,1575,9.998433e-5,0.622967,1.8645,47.73,0.0311,3.250101
12700,1587,9.9984085e-5,0.647761,1.9113,46.24,0.0299,3.376919
12800,1600,9.998384e-5,0.656932,1.9289,47.97,0.0301,3.424834
12900,1612,9.998359e-5,0.646656,1.9091,46.64,0.0303,3.374656
13000,1625,9.998333e-5,0.641545,1.8994,45.94,0.0295,3.343927
13100,1637,9.998308e-5,0.639174,1.8949,50.01,0.0315,3.292963
13200,1650,9.9982804e-5,0.641916,1.9001,47.13,0.0309,3.336097
13300,1662,9.998256e-5,0.657460,1.9299,46.25,0.0299,3.442824
13400,1675,9.998228e-5,0.659433,1.9337,46.06,0.0299,3.445703
13500,1687,9.998202e-5,0.628606,1.8750,46.73,0.0292,3.257584
13600,1700,9.998176e-5,0.638665,1.8939,45.82,0.0308,3.340322
13700,1712,9.9981495e-5,0.649120,1.9139,47.97,0.0299,3.359161
13800,1725,9.9981204e-5,0.653414,1.9221,45.87,0.0291,3.391821
13900,1737,9.998094e-5,0.654084,1.9234,46.16,0.0314,3.446046
14000,1750,9.998065e-5,0.666321,1.9471,47.61,0.0292,3.472999
14100,1762,9.998039e-5,0.626020,1.8702,51.37,0.0316,3.255686
14200,1775,9.99801e-5,0.647305,1.9104,46.98,0.0282,3.359150
14300,1787,9.9979836e-5,0.624660,1.8676,46.92,0.0282,3.244383
14400,1800,9.997953e-5,0.612321,1.8447,46.35,0.0288,3.206407
14500,1812,9.997927e-5,0.613579,1.8470,45.12,0.0314,3.219478
14600,1825,9.997896e-5,0.606279,1.8336,45.74,0.0299,3.117078
14700,1837,9.9978686e-5,0.628478,1.8748,45.38,0.0314,3.304085
14800,1850,9.997838e-5,0.619315,1.8577,46.50,0.0305,3.231000
14900,1862,9.9978104e-5,0.630014,1.8776,48.04,0.0285,3.282969
15000,1875,9.99778e-5,0.639477,1.8955,46.69,0.0285,3.329020
15100,1887,9.997751e-5,0.635917,1.8888,51.00,0.0341,3.343222
15200,1900,9.99772e-5,0.608823,1.8383,47.75,0.0312,3.146217
15300,1912,9.997691e-5,0.609177,1.8389,48.79,0.0304,3.146098
15400,1925,9.997659e-5,0.612396,1.8448,47.51,0.0294,3.198611
15500,1937,9.99763e-5,0.624325,1.8670,47.27,0.0290,3.259662
15600,1950,9.997598e-5,0.633271,1.8838,48.09,0.0286,3.320679
15700,1962,9.997569e-5,0.609375,1.8393,45.51,0.0309,3.178360
15800,1975,9.997537e-5,0.591274,1.8063,46.20,0.0288,3.067548
15900,1987,9.997506e-5,0.627856,1.8736,46.12,0.0282,3.280635
16000,2000,9.997473e-5,0.610099,1.8406,46.82,0.0297,3.194372
16100,2012,9.997444e-5,0.613515,1.8469,51.16,0.0334,3.218824
16200,2025,9.99741e-5,0.611464,1.8431,45.93,0.0294,3.172377
16300,2037,9.99738e-5,0.619414,1.8578,46.35,0.0285,3.215299
16400,2050,9.997346e-5,0.602291,1.8263,45.76,0.0295,3.128706
16500,2062,9.997314e-5,0.600877,1.8237,46.36,0.0295,3.126414
16600,2075,9.997281e-5,0.606340,1.8337,45.16,0.0292,3.156177
16700,2087,9.997249e-5,0.623314,1.8651,47.37,0.0284,3.275564
16800,2100,9.997215e-5,0.572683,1.7730,45.81,0.0310,2.972996
16900,2112,9.997183e-5,0.594320,1.8118,45.42,0.0296,3.091313
17000,2125,9.997148e-5,0.609862,1.8402,46.59,0.0283,3.180253
17100,2137,9.997116e-5,0.583346,1.7920,50.87,0.0342,3.016748
17200,2150,9.997081e-5,0.593896,1.8110,45.73,0.0297,3.092755
17300,2162,9.997048e-5,0.592528,1.8086,47.62,0.0301,3.075992
17400,2175,9.9970115e-5,0.607872,1.8365,45.87,0.0310,3.174138
17500,2187,9.9969795e-5,0.596640,1.8160,46.06,0.0300,3.112210
17600,2200,9.996943e-5,0.607868,1.8365,46.31,0.0294,3.176006
17700,2212,9.99691e-5,0.613141,1.8462,46.51,0.0298,3.216773
17800,2225,9.996873e-5,0.595530,1.8140,45.04,0.0289,3.100001
17900,2237,9.99684e-5,0.595565,1.8141,45.41,0.0312,3.118709
18000,2250,9.9968034e-5,0.596178,1.8152,46.93,0.0292,3.107085
18100,2262,9.9967685e-5,0.598481,1.8194,50.43,0.0339,3.105162
18200,2275,9.996731e-5,0.597546,1.8177,46.70,0.0279,3.110064
18300,2287,9.996697e-5,0.589904,1.8038,46.39,0.0302,3.076983
18400,2300,9.996659e-5,0.601971,1.8257,47.78,0.0300,3.136387
18500,2312,9.9966244e-5,0.571187,1.7704,45.57,0.0300,2.967237
18600,2325,9.9965866e-5,0.582505,1.7905,46.83,0.0297,3.051218
18700,2337,9.99655e-5,0.572458,1.7726,45.23,0.0293,2.973793
18800,2350,9.9965124e-5,0.573506,1.7745,45.04,0.0287,2.970546
18900,2362,9.9964775e-5,0.577774,1.7821,44.92,0.0310,3.008766
19000,2375,9.996438e-5,0.588732,1.8017,46.83,0.0275,3.063838
19100,2387,9.996402e-5,0.591330,1.8064,51.09,0.0317,3.087685
19200,2400,9.9963625e-5,0.578413,1.7832,46.79,0.0302,3.015103
19300,2412,9.996326e-5,0.581692,1.7891,45.39,0.0304,3.016173
19400,2425,9.9962854e-5,0.598870,1.8201,46.98,0.0288,3.108083
19500,2437,9.996249e-5,0.601272,1.8244,48.58,0.0312,3.170644
19600,2450,9.99621e-5,0.598344,1.8191,49.80,0.0305,3.139218
19700,2462,9.996172e-5,0.569104,1.7667,45.12,0.0295,2.950296
19800,2475,9.996131e-5,0.571455,1.7708,48.39,0.0320,2.981223
19900,2487,9.996093e-5,0.567288,1.7635,49.18,0.0315,2.976490
20000,2500,9.9960525e-5,0.570639,1.7694,50.32,0.0322,2.962633
20100,2512,9.996015e-5,0.563451,1.7567,54.55,0.0354,2.910631
20200,2525,9.995974e-5,0.571448,1.7708,48.09,0.0303,2.971280
20300,2537,9.995935e-5,0.562432,1.7549,45.84,0.0301,2.920450
20400,2550,9.9958925e-5,0.578940,1.7841,46.35,0.0299,3.034462
20500,2562,9.9958546e-5,0.572982,1.7735,46.61,0.0294,2.977620
20600,2575,9.9958124e-5,0.560970,1.7524,45.59,0.0291,2.927306
20700,2587,9.995773e-5,0.571933,1.7717,47.08,0.0298,2.983109
20800,2600,9.995731e-5,0.569620,1.7676,46.60,0.0307,2.978586
20900,2612,9.995692e-5,0.596890,1.8165,47.12,0.0294,3.116672
21000,2625,9.995648e-5,0.582419,1.7904,46.11,0.0289,3.055174
21100,2637,9.995609e-5,0.560699,1.7519,49.34,0.0337,2.927178
21200,2650,9.995565e-5,0.565202,1.7598,45.34,0.0289,2.932362
21300,2662,9.995526e-5,0.567805,1.7644,46.97,0.0298,2.971432
21400,2675,9.995481e-5,0.565926,1.7611,47.18,0.0288,2.947667
21500,2687,9.99544e-5,0.566250,1.7616,44.20,0.0296,2.939903
21600,2700,9.995396e-5,0.556462,1.7445,46.03,0.0300,2.891870
21700,2712,9.9953555e-5,0.580310,1.7866,47.74,0.0293,3.058690
21800,2725,9.9953104e-5,0.578830,1.7840,45.23,0.0310,3.021330
21900,2737,9.99527e-5,0.572560,1.7728,47.45,0.0305,2.979288
22000,2750,9.9952245e-5,0.558279,1.7477,49.27,0.0307,2.906132
22100,2762,9.995182e-5,0.581936,1.7895,52.34,0.0346,3.030069
22200,2775,9.995137e-5,0.561760,1.7538,46.67,0.0322,2.973165
22300,2787,9.995095e-5,0.562722,1.7554,46.45,0.0299,2.928330
22400,2800,9.9950485e-5,0.552143,1.7370,45.55,0.0315,2.877425
22500,2812,9.995006e-5,0.565810,1.7609,46.01,0.0285,2.941027
22600,2825,9.99496e-5,0.549981,1.7332,46.38,0.0306,2.871625
22700,2837,9.9949175e-5,0.567739,1.7643,46.50,0.0288,2.971322
22800,2850,9.994871e-5,0.553238,1.7389,46.85,0.0287,2.869301
22900,2862,9.994827e-5,0.562395,1.7549,45.69,0.0304,2.935947
23000,2875,9.994781e-5,0.547420,1.7288,45.33,0.0301,2.844162
23100,2887,9.994737e-5,0.558106,1.7474,51.75,0.0317,2.927334
23200,2900,9.994689e-5,0.566361,1.7618,45.77,0.0309,2.972095
23300,2912,9.9946454e-5,0.574052,1.7754,45.68,0.0294,2.999844
23400,2925,9.994597e-5,0.557433,1.7462,47.24,0.0299,2.898811
23500,2937,9.994552e-5,0.528039,1.6956,47.65,0.0292,2.736359
23600,2950,9.994504e-5,0.553656,1.7396,46.44,0.0295,2.891530
23700,2962,9.994459e-5,0.554280,1.7407,47.56,0.0297,2.908465
23800,2975,9.994411e-5,0.562938,1.7558,49.85,0.0299,2.942397
23900,2987,9.994366e-5,0.568669,1.7659,48.95,0.0298,2.976523
24000,3000,9.9943165e-5,0.565491,1.7603,48.22,0.0295,2.933524
24100,3012,9.9942714e-5,0.543509,1.7220,49.83,0.0329,2.822633
24200,3025,9.994222e-5,0.557487,1.7463,48.69,0.0312,2.900866
24300,3037,9.994175e-5,0.559905,1.7505,46.64,0.0308,2.908879
24400,3050,9.994126e-5,0.538892,1.7141,45.92,0.0292,2.788103
24500,3062,9.994079e-5,0.561316,1.7530,45.78,0.0297,2.951907
24600,3075,9.9940284e-5,0.550119,1.7335,46.99,0.0288,2.869088
24700,3087,9.993982e-5,0.555471,1.7428,46.53,0.0305,2.911909
24800,3100,9.993931e-5,0.548058,1.7299,45.35,0.0313,2.852458
24900,3112,9.993884e-5,0.559891,1.7505,47.42,0.0286,2.908584
25000,3125,9.9938334e-5,0.535822,1.7089,44.90,0.0303,2.798165
25100,3137,9.993785e-5,0.544173,1.7232,52.35,0.0343,2.829227
25200,3150,9.9937344e-5,0.541664,1.7189,47.58,0.0322,2.822211
25300,3162,9.9936864e-5,0.533749,1.7053,45.81,0.0311,2.774662
25400,3175,9.993634e-5,0.555746,1.7432,48.46,0.0307,2.907976
25500,3187,9.993586e-5,0.551322,1.7355,46.96,0.0306,2.875739
25600,3200,9.9935336e-5,0.537209,1.7112,46.27,0.0294,2.801963
25700,3212,9.9934856e-5,0.555552,1.7429,47.54,0.0292,2.912581
25800,3225,9.993432e-5,0.536602,1.7102,46.36,0.0286,2.792051
25900,3237,9.993384e-5,0.532378,1.7030,45.16,0.0293,2.743587
26000,3250,9.99333e-5,0.552132,1.7370,46.78,0.0286,2.889830
26100,3262,9.9932804e-5,0.528294,1.6960,50.48,0.0344,2.756360
26200,3275,9.9932266e-5,0.561077,1.7526,46.28,0.0287,2.917047
26300,3287,9.993177e-5,0.544191,1.7232,45.27,0.0303,2.854664
26400,3300,9.993123e-5,0.549917,1.7331,47.27,0.0283,2.865654
26500,3312,9.993074e-5,0.544024,1.7229,46.55,0.0288,2.838647
26600,3325,9.9930185e-5,0.537439,1.7116,45.89,0.0291,2.786161
26700,3337,9.992969e-5,0.555370,1.7426,46.35,0.0277,2.920295
26800,3350,9.992914e-5,0.539289,1.7148,45.26,0.0303,2.819502
26900,3362,9.992863e-5,0.536506,1.7100,45.09,0.0293,2.799474
27000,3375,9.9928075e-5,0.527882,1.6953,45.95,0.0300,2.763985
27100,3387,9.9927565e-5,0.542249,1.7199,51.05,0.0340,2.834915
27200,3400,9.9927e-5,0.551588,1.7360,46.78,0.0285,2.890991
27300,3412,9.992649e-5,0.534138,1.7060,45.96,0.0304,2.808131
27400,3425,9.992592e-5,0.543674,1.7223,46.60,0.0297,2.833829
27500,3437,9.99254e-5,0.517019,1.6770,45.62,0.0291,2.675014
27600,3450,9.9924844e-5,0.522050,1.6855,44.87,0.0310,2.720397
27700,3462,9.992432e-5,0.526564,1.6931,45.66,0.0294,2.727104
27800,3475,9.992375e-5,0.539896,1.7158,45.76,0.0307,2.818126
27900,3487,9.9923214e-5,0.513007,1.6703,46.23,0.0292,2.658634
28000,3500,9.992265e-5,0.520792,1.6834,46.61,0.0310,2.720695
28100,3512,9.992211e-5,0.539048,1.7144,49.95,0.0311,2.834356
28200,3525,9.992154e-5,0.547366,1.7287,46.18,0.0292,2.864286
28300,3537,9.9921e-5,0.527014,1.6939,45.92,0.0303,2.780949
28400,3550,9.992042e-5,0.525879,1.6919,45.83,0.0284,2.731824
28500,3562,9.991988e-5,0.537367,1.7115,47.54,0.0287,2.811647
28600,3575,9.99193e-5,0.521489,1.6845,46.77,0.0294,2.716007
28700,3587,9.991875e-5,0.528011,1.6956,46.42,0.0296,2.710000
28800,3600,9.9918165e-5,0.513885,1.6718,45.64,0.0288,2.673090
28900,3612,9.991761e-5,0.542049,1.7195,46.85,0.0294,2.843512
29000,3625,9.991703e-5,0.536815,1.7105,46.35,0.0300,2.793156
29100,3637,9.991648e-5,0.528615,1.6966,50.09,0.0315,2.781179
29200,3650,9.991588e-5,0.517571,1.6779,47.39,0.0297,2.705258
29300,3662,9.991531e-5,0.537254,1.7113,46.25,0.0301,2.807848
29400,3675,9.9914716e-5,0.532395,1.7030,46.36,0.0292,2.783080
29500,3687,9.991416e-5,0.506815,1.6600,46.49,0.0297,2.630685
29600,3700,9.991355e-5,0.522753,1.6867,46.24,0.0288,2.724482
29700,3712,9.9912984e-5,0.526913,1.6937,46.18,0.0302,2.744472
29800,3725,9.991239e-5,0.527139,1.6941,45.98,0.0292,2.728782
29900,3737,9.991182e-5,0.506789,1.6600,45.72,0.0307,2.623254
30000,3750,9.991121e-5,0.504692,1.6565,44.16,0.0295,2.616478
30100,3762,9.991064e-5,0.509908,1.6651,50.38,0.0323,2.635203
30200,3775,9.9910016e-5,0.529640,1.6983,45.73,0.0309,2.760102
30300,3787,9.990945e-5,0.515018,1.6737,45.54,0.0293,2.692376
30400,3800,9.990882e-5,0.505677,1.6581,45.81,0.0297,2.634206
30500,3812,9.9908255e-5,0.515254,1.6741,45.99,0.0302,2.681794
30600,3825,9.9907615e-5,0.548432,1.7305,46.42,0.0286,2.883558
30700,3837,9.990703e-5,0.527404,1.6945,46.76,0.0285,2.764041
30800,3850,9.990641e-5,0.500762,1.6500,48.14,0.0326,2.595190
30900,3862,9.9905825e-5,0.520172,1.6823,47.77,0.0261,2.710888
31000,3875,9.9905184e-5,0.521180,1.6840,45.60,0.0290,2.713952
31100,3887,9.99046e-5,0.513721,1.6715,50.20,0.0327,2.695120
31200,3900,9.990396e-5,0.519846,1.6818,47.02,0.0299,2.712558
31300,3912,9.9903365e-5,0.512469,1.6694,46.13,0.0308,2.664004
31400,3925,9.9902725e-5,0.508202,1.6623,45.41,0.0309,2.632330
31500,3937,9.990213e-5,0.513184,1.6706,46.36,0.0299,2.690998
31600,3950,9.990149e-5,0.506232,1.6590,45.29,0.0287,2.636677
31700,3962,9.990088e-5,0.497523,1.6446,45.59,0.0296,2.585354
31800,3975,9.990024e-5,0.528229,1.6959,46.91,0.0296,2.768683
31900,3987,9.9899626e-5,0.504434,1.6560,44.20,0.0306,2.640743
32000,4000,9.989897e-5,0.530036,1.6990,47.26,0.0288,2.749021
32100,4012,9.989836e-5,0.524983,1.6904,50.02,0.0319,2.735819
32200,4025,9.9897705e-5,0.515566,1.6746,45.93,0.0294,2.692810
32300,4037,9.989709e-5,0.503594,1.6547,47.36,0.0292,2.627340
32400,4050,9.989644e-5,0.502231,1.6524,47.44,0.0282,2.610169
32500,4062,9.989581e-5,0.506925,1.6602,46.42,0.0299,2.648957
32600,4075,9.9895144e-5,0.508812,1.6633,46.27,0.0278,2.652662
32700,4087,9.989453e-5,0.509832,1.6650,47.47,0.0288,2.658630
32800,4100,9.989386e-5,0.530853,1.7004,45.93,0.0286,2.767608
32900,4112,9.989324e-5,0.498813,1.6468,45.01,0.0305,2.591829
33000,4125,9.989257e-5,0.510334,1.6658,45.96,0.0303,2.655372
33100,4137,9.989194e-5,0.511739,1.6682,49.90,0.0337,2.672123
33200,4150,9.989126e-5,0.507768,1.6616,46.58,0.0294,2.640214
33300,4162,9.989063e-5,0.487468,1.6282,45.68,0.0298,2.540691
33400,4175,9.988995e-5,0.519652,1.6814,45.29,0.0296,2.735042
33500,4187,9.988931e-5,0.502356,1.6526,47.18,0.0285,2.612966
33600,4200,9.9888624e-5,0.493737,1.6384,45.54,0.0294,2.573936
33700,4212,9.9887984e-5,0.514176,1.6723,47.33,0.0293,2.697351
33800,4225,9.98873e-5,0.502052,1.6521,46.17,0.0278,2.607622
33900,4237,9.9886645e-5,0.487759,1.6287,46.04,0.0308,2.543671
34000,4250,9.988595e-5,0.527831,1.6953,46.47,0.0288,2.768152
34100,4262,9.988531e-5,0.498511,1.6463,50.25,0.0311,2.606584
34200,4275,9.988461e-5,0.492551,1.6365,47.21,0.0274,2.574916
34300,4287,9.988397e-5,0.519790,1.6817,46.08,0.0284,2.726429
34400,4300,9.9883255e-5,0.504987,1.6570,46.28,0.0307,2.616991
34500,4312,9.98826e-5,0.494358,1.6394,45.98,0.0294,2.572225
34600,4325,9.98819e-5,0.492743,1.6368,47.03,0.0303,2.570371
34700,4337,9.988125e-5,0.494241,1.6393,44.78,0.0300,2.561074
34800,4350,9.988053e-5,0.497727,1.6450,45.84,0.0304,2.593669
34900,4362,9.9879864e-5,0.501737,1.6516,46.56,0.0308,2.613782
35000,4375,9.987915e-5,0.502409,1.6527,47.22,0.0277,2.613812
35100,4387,9.987848e-5,0.508249,1.6624,49.96,0.0325,2.653018
35200,4400,9.987777e-5,0.500876,1.6502,46.15,0.0298,2.623729
35300,4412,9.98771e-5,0.504621,1.6564,47.09,0.0295,2.632466
35400,4425,9.987637e-5,0.515756,1.6749,45.20,0.0296,2.697972
35500,4437,9.98757e-5,0.507869,1.6617,47.43,0.0281,2.647701
35600,4450,9.9874975e-5,0.492558,1.6365,45.77,0.0296,2.571830
35700,4462,9.9874305e-5,0.485139,1.6244,46.69,0.0292,2.513600
35800,4475,9.987356e-5,0.502509,1.6529,46.81,0.0304,2.629294
35900,4487,9.987288e-5,0.505677,1.6581,46.14,0.0290,2.644868
36000,4500,9.987215e-5,0.498237,1.6458,46.53,0.0295,2.608060
36100,4512,9.987147e-5,0.506505,1.6595,49.80,0.0330,2.636115
36200,4525,9.9870726e-5,0.489553,1.6316,44.94,0.0306,2.560868
36300,4537,9.987004e-5,0.500275,1.6492,47.11,0.0283,2.617389
36400,4550,9.98693e-5,0.481523,1.6185,44.67,0.0310,2.518298
36500,4562,9.98686e-5,0.507079,1.6604,46.57,0.0288,2.669794
36600,4575,9.986786e-5,0.514234,1.6724,46.26,0.0286,2.702672
36700,4587,9.986716e-5,0.490158,1.6326,47.68,0.0290,2.525048
36800,4600,9.98664e-5,0.518523,1.6795,45.25,0.0290,2.719312
36900,4612,9.9865705e-5,0.491885,1.6354,45.19,0.0313,2.592183
37000,4625,9.986496e-5,0.491107,1.6341,46.84,0.0285,2.563410
37100,4637,9.986425e-5,0.497957,1.6454,50.60,0.0320,2.599861
37200,4650,9.986349e-5,0.496966,1.6437,46.77,0.0302,2.626259
37300,4662,9.986278e-5,0.499355,1.6477,46.41,0.0299,2.607081
37400,4675,9.986202e-5,0.481348,1.6183,45.86,0.0303,2.487849
37500,4687,9.986131e-5,0.500322,1.6493,45.56,0.0293,2.600940
37600,4700,9.986054e-5,0.500553,1.6496,45.83,0.0303,2.609141
37700,4712,9.9859826e-5,0.482464,1.6201,46.57,0.0304,2.509072
37800,4725,9.9859055e-5,0.495922,1.6420,46.30,0.0305,2.608821
37900,4737,9.985834e-5,0.502417,1.6527,46.17,0.0295,2.600950
38000,4750,9.9857556e-5,0.499938,1.6486,46.32,0.0304,2.620042
38100,4762,9.985683e-5,0.486478,1.6266,49.41,0.0332,2.545308
38200,4775,9.985606e-5,0.490731,1.6335,45.65,0.0307,2.545899
38300,4787,9.985533e-5,0.475995,1.6096,46.18,0.0294,2.495673
38400,4800,9.9854544e-5,0.490162,1.6326,46.46,0.0284,2.558183
38500,4812,9.9853816e-5,0.499475,1.6479,46.15,0.0298,2.634539
38600,4825,9.985303e-5,0.498070,1.6455,47.22,0.0301,2.607439
38700,4837,9.98523e-5,0.495972,1.6421,47.33,0.0273,2.577925
38800,4850,9.98515e-5,0.479985,1.6161,46.59,0.0285,2.495982
38900,4862,9.985076e-5,0.493163,1.6375,46.27,0.0304,2.556631
39000,4875,9.9849975e-5,0.494657,1.6399,46.57,0.0295,2.578472
39100,4887,9.984923e-5,0.499536,1.6480,51.59,0.0331,2.623251
39200,4900,9.984842e-5,0.482804,1.6206,45.90,0.0309,2.514806
39300,4912,9.984769e-5,0.485878,1.6256,45.88,0.0302,2.523885
39400,4925,9.9846875e-5,0.478593,1.6138,44.78,0.0291,2.504585
39500,4937,9.984613e-5,0.494994,1.6405,45.72,0.0313,2.563848
39600,4950,9.984532e-5,0.504241,1.6557,46.35,0.0296,2.635949
39700,4962,9.984456e-5,0.492041,1.6357,45.02,0.0298,2.573785
39800,4975,9.984376e-5,0.514941,1.6735,45.90,0.0286,2.700697
39900,4987,9.984299e-5,0.491595,1.6349,47.02,0.0292,2.582992
40000,5000,9.9842175e-5,0.503401,1.6543,46.78,0.0279,2.622641
40100,5012,9.984142e-5,0.479830,1.6158,50.81,0.0328,2.496425
40200,5025,9.98406e-5,0.493374,1.6378,45.38,0.0306,2.579703
40300,5037,9.983983e-5,0.491855,1.6353,45.20,0.0277,2.563215
40400,5050,9.9839e-5,0.488991,1.6307,45.96,0.0306,2.572747
40500,5062,9.9838246e-5,0.480973,1.6176,47.01,0.0271,2.502820
40600,5075,9.9837416e-5,0.501080,1.6505,46.84,0.0280,2.622801
40700,5087,9.9836645e-5,0.471572,1.6025,45.57,0.0305,2.440238
40800,5100,9.98358e-5,0.494989,1.6405,46.75,0.0281,2.603658
40900,5112,9.983503e-5,0.495341,1.6411,45.86,0.0298,2.581796
41000,5125,9.98342e-5,0.465539,1.5929,50.48,0.0337,2.429138
41100,5137,9.9833414e-5,0.490535,1.6332,51.05,0.0309,2.565031
41200,5150,9.983257e-5,0.471006,1.6016,44.33,0.0297,2.449104
41300,5162,9.98318e-5,0.474425,1.6071,47.17,0.0308,2.464906
41400,5175,9.983094e-5,0.494648,1.6399,46.83,0.0284,2.595467
41500,5187,9.983017e-5,0.506235,1.6590,45.44,0.0303,2.660987
41600,5200,9.982931e-5,0.466687,1.5947,45.68,0.0303,2.433024
41700,5212,9.9828525e-5,0.488960,1.6306,46.44,0.0302,2.564102
41800,5225,9.982767e-5,0.483594,1.6219,46.61,0.0282,2.514817
41900,5237,9.9826866e-5,0.484379,1.6232,47.65,0.0293,2.523933
42000,5250,9.982601e-5,0.480821,1.6174,46.39,0.0295,2.512399
42100,5262,9.982522e-5,0.494570,1.6398,50.25,0.0322,2.590026
42200,5275,9.982435e-5,0.489352,1.6313,45.78,0.0288,2.566354
42300,5287,9.982355e-5,0.500331,1.6493,48.00,0.0273,2.609862
42400,5300,9.982269e-5,0.455518,1.5770,46.04,0.0288,2.368736
42500,5312,9.9821875e-5,0.474908,1.6079,44.69,0.0305,2.483926
42600,5325,9.9821016e-5,0.463511,1.5896,45.34,0.0312,2.403327
42700,5337,9.98202e-5,0.473122,1.6050,45.90,0.0310,2.461291
42800,5350,9.981933e-5,0.489510,1.6315,46.31,0.0278,2.541522
42900,5362,9.981851e-5,0.466359,1.5942,46.22,0.0293,2.417477
43000,5375,9.9817626e-5,0.497324,1.6443,47.43,0.0270,2.605527
43100,5387,9.981681e-5,0.481404,1.6183,48.84,0.0311,2.518979
43200,5400,9.981594e-5,0.484168,1.6228,47.14,0.0292,2.542475
43300,5412,9.981512e-5,0.495703,1.6417,45.35,0.0285,2.586587
43400,5425,9.9814235e-5,0.476299,1.6101,47.14,0.0282,2.487937
43500,5437,9.9813406e-5,0.473951,1.6063,44.99,0.0313,2.473361
43600,5450,9.981252e-5,0.473679,1.6059,46.95,0.0293,2.448727
43700,5462,9.981169e-5,0.463616,1.5898,46.38,0.0286,2.400407
43800,5475,9.9810786e-5,0.471898,1.6030,45.47,0.0292,2.474769
43900,5487,9.980996e-5,0.459510,1.5833,46.59,0.0296,2.387211
44000,5500,9.9809055e-5,0.474167,1.6067,45.10,0.0299,2.489151
44100,5512,9.9808225e-5,0.480204,1.6164,50.81,0.0325,2.491836
44200,5525,9.980732e-5,0.471710,1.6027,47.30,0.0294,2.464450
44300,5537,9.980648e-5,0.466444,1.5943,45.97,0.0294,2.431884
44400,5550,9.980558e-5,0.468931,1.5983,45.61,0.0301,2.431755
44500,5562,9.980473e-5,0.461135,1.5859,45.91,0.0307,2.390673
44600,5575,9.980383e-5,0.468051,1.5969,45.82,0.0310,2.456294
44700,5587,9.980297e-5,0.463029,1.5889,45.40,0.0302,2.400910
44800,5600,9.9802055e-5,0.476765,1.6109,45.99,0.0292,2.499552
44900,5612,9.980121e-5,0.476893,1.6111,46.03,0.0286,2.473438
45000,5625,9.9800294e-5,0.485512,1.6250,46.48,0.0293,2.526735
45100,5637,9.9799436e-5,0.464950,1.5919,50.96,0.0322,2.435952
45200,5650,9.979852e-5,0.456588,1.5787,46.44,0.0306,2.365129
45300,5662,9.979766e-5,0.483596,1.6219,44.67,0.0291,2.518520
45400,5675,9.979673e-5,0.488610,1.6300,45.60,0.0293,2.547880
45500,5687,9.979587e-5,0.472696,1.6043,46.05,0.0291,2.463503
45600,5700,9.9794925e-5,0.463041,1.5889,45.77,0.0301,2.408794
45700,5712,9.9794066e-5,0.465289,1.5925,46.10,0.0287,2.425948
45800,5725,9.9793135e-5,0.464985,1.5920,46.81,0.0286,2.435379
45900,5737,9.979226e-5,0.470315,1.6005,44.99,0.0290,2.469934
46000,5750,9.979133e-5,0.473508,1.6056,46.48,0.0287,2.448539
46100,5762,9.979046e-5,0.473397,1.6054,53.16,0.0331,2.475844
46200,5775,9.97895e-5,0.475806,1.6093,46.01,0.0297,2.489330
46300,5787,9.978864e-5,0.466298,1.5941,45.72,0.0294,2.426505
46400,5800,9.978768e-5,0.473020,1.6048,46.15,0.0286,2.457534
46500,5812,9.9786805e-5,0.486490,1.6266,45.72,0.0292,2.542322
46600,5825,9.9785844e-5,0.465985,1.5936,46.78,0.0289,2.423179
46700,5837,9.978496e-5,0.485801,1.6255,46.79,0.0288,2.546666
46800,5850,9.978401e-5,0.481576,1.6186,47.43,0.0263,2.496717
46900,5862,9.978312e-5,0.480297,1.6166,47.25,0.0289,2.485416
47000,5875,9.978216e-5,0.467098,1.5954,45.59,0.0296,2.413341
47100,5887,9.978126e-5,0.477486,1.6120,51.02,0.0311,2.494399
47200,5900,9.97803e-5,0.447555,1.5645,46.91,0.0319,2.321768
47300,5912,9.977941e-5,0.479563,1.6154,46.77,0.0303,2.509292
47400,5925,9.977844e-5,0.466077,1.5937,45.02,0.0315,2.436796
47500,5937,9.9777535e-5,0.468870,1.5982,45.43,0.0293,2.449653
47600,5950,9.977656e-5,0.482256,1.6197,46.66,0.0293,2.514519
47700,5962,9.977566e-5,0.459827,1.5838,46.15,0.0292,2.384337
47800,5975,9.977468e-5,0.473655,1.6059,45.53,0.0294,2.477582
47900,5987,9.977378e-5,0.478111,1.6130,45.65,0.0313,2.509745
48000,6000,9.977279e-5,0.472282,1.6036,45.18,0.0300,2.459232
48100,6012,9.977189e-5,0.476403,1.6103,51.28,0.0312,2.464094
48200,6025,9.97709e-5,0.469414,1.5991,45.93,0.0296,2.436594
48300,6037,9.976998e-5,0.472386,1.6038,45.88,0.0304,2.474530
48400,6050,9.976899e-5,0.461301,1.5861,47.31,0.0282,2.396497
48500,6062,9.9768076e-5,0.453163,1.5733,46.16,0.0311,2.373729
48600,6075,9.976709e-5,0.463623,1.5898,47.33,0.0290,2.417813
48700,6087,9.976617e-5,0.466412,1.5943,46.39,0.0284,2.434349
48800,6100,9.9765166e-5,0.473851,1.6062,45.90,0.0289,2.466318
48900,6112,9.976425e-5,0.465938,1.5935,44.54,0.0297,2.441389
49000,6125,9.976323e-5,0.469146,1.5986,45.44,0.0300,2.457043
49100,6137,9.9762314e-5,0.466385,1.5942,50.77,0.0331,2.414780
49200,6150,9.976131e-5,0.465207,1.5923,46.57,0.0280,2.435973
49300,6162,9.976038e-5,0.457412,1.5800,45.23,0.0299,2.396998
49400,6175,9.975936e-5,0.476077,1.6097,47.21,0.0297,2.497359
49500,6187,9.975843e-5,0.446438,1.5627,44.30,0.0310,2.330693
49600,6200,9.975741e-5,0.465766,1.5932,46.99,0.0295,2.421792
49700,6212,9.975648e-5,0.470413,1.6007,45.57,0.0294,2.451114
49800,6225,9.975546e-5,0.470896,1.6014,46.58,0.0271,2.465671
49900,6237,9.9754514e-5,0.470290,1.6005,44.80,0.0301,2.471089
50000,6250,9.975348e-5,0.453546,1.5739,45.00,0.0307,2.370925
50100,6262,9.9752535e-5,0.469308,1.5989,50.45,0.0319,2.468918
50200,6275,9.9751516e-5,0.465181,1.5923,46.82,0.0299,2.427711
50300,6287,9.9750556e-5,0.462903,1.5887,46.70,0.0300,2.432573
50400,6300,9.974954e-5,0.466710,1.5947,46.43,0.0297,2.441821
50500,6312,9.974858e-5,0.455062,1.5763,46.27,0.0299,2.368013
50600,6325,9.974754e-5,0.472144,1.6034,45.19,0.0299,2.465954
50700,6337,9.974658e-5,0.463866,1.5902,45.79,0.0288,2.408138
50800,6350,9.974555e-5,0.480376,1.6167,46.70,0.0296,2.525451
50900,6362,9.9744575e-5,0.466595,1.5946,46.82,0.0296,2.433596
51000,6375,9.974354e-5,0.475212,1.6084,46.59,0.0287,2.484875
51100,6387,9.974257e-5,0.460867,1.5854,50.09,0.0314,2.384000
51200,6400,9.974152e-5,0.464525,1.5913,45.21,0.0303,2.435312
51300,6412,9.974056e-5,0.465663,1.5931,46.66,0.0283,2.413642
51400,6425,9.973951e-5,0.475565,1.6089,46.43,0.0293,2.493039
51500,6437,9.973852e-5,0.445531,1.5613,44.89,0.0287,2.324191
51600,6450,9.9737474e-5,0.466315,1.5941,46.95,0.0290,2.448640
51700,6462,9.97365e-5,0.452590,1.5724,46.47,0.0294,2.367141
51800,6475,9.973544e-5,0.449483,1.5675,46.11,0.0295,2.361547
51900,6487,9.973445e-5,0.451436,1.5706,45.39,0.0304,2.358468
52000,6500,9.9733385e-5,0.448378,1.5658,47.20,0.0303,2.341487
52100,6512,9.973241e-5,0.462374,1.5878,51.30,0.0323,2.401404
52200,6525,9.973135e-5,0.440562,1.5536,45.83,0.0296,2.277778
52300,6537,9.973036e-5,0.463623,1.5898,45.65,0.0280,2.407283
52400,6550,9.972928e-5,0.441435,1.5549,45.28,0.0304,2.309050
52500,6562,9.972828e-5,0.481297,1.6182,46.35,0.0284,2.522804
52600,6575,9.9727215e-5,0.460502,1.5849,46.44,0.0295,2.392870
52700,6587,9.972621e-5,0.462999,1.5888,46.74,0.0285,2.424394
52800,6600,9.972513e-5,0.447616,1.5646,45.99,0.0297,2.337084
52900,6612,9.972413e-5,0.447386,1.5642,46.64,0.0299,2.323994
53000,6625,9.972305e-5,0.476224,1.6100,48.04,0.0275,2.491676
53100,6637,9.972205e-5,0.468364,1.5974,50.85,0.0323,2.461421
53200,6650,9.972096e-5,0.452401,1.5721,46.46,0.0297,2.365092
53300,6662,9.971995e-5,0.458389,1.5815,46.51,0.0283,2.388067
53400,6675,9.971886e-5,0.450578,1.5692,46.35,0.0289,2.348798
53500,6687,9.971784e-5,0.458851,1.5823,47.42,0.0282,2.396658
53600,6700,9.971675e-5,0.454284,1.5750,47.30,0.0296,2.373448
53700,6712,9.971573e-5,0.462615,1.5882,46.44,0.0289,2.437529
53800,6725,9.971464e-5,0.457690,1.5804,45.90,0.0285,2.399487
53900,6737,9.971362e-5,0.445478,1.5612,46.31,0.0291,2.306109
54000,6750,9.971252e-5,0.440803,1.5540,46.43,0.0298,2.300817
54100,6762,9.97115e-5,0.464147,1.5907,49.95,0.0307,2.451511
54200,6775,9.971038e-5,0.475216,1.6084,46.76,0.0300,2.480053
54300,6787,9.970936e-5,0.458793,1.5822,44.40,0.0282,2.400034
54400,6800,9.970824e-5,0.454286,1.5750,45.40,0.0302,2.364656
54500,6812,9.9707206e-5,0.454821,1.5759,46.37,0.0294,2.376585
54600,6825,9.97061e-5,0.449954,1.5682,45.94,0.0291,2.354630
54700,6837,9.970507e-5,0.483673,1.6220,45.61,0.0295,2.552369
54800,6850,9.9703946e-5,0.450072,1.5684,45.97,0.0295,2.335430
54900,6862,9.97029e-5,0.471948,1.6031,46.24,0.0287,2.463333
55000,6875,9.970178e-5,0.462824,1.5886,45.13,0.0284,2.412717
55100,6887,9.970073e-5,0.440364,1.5533,50.58,0.0336,2.286959
55200,6900,9.969961e-5,0.436058,1.5466,45.32,0.0300,2.264076
55300,6912,9.969856e-5,0.452361,1.5720,44.90,0.0286,2.354494
55400,6925,9.969743e-5,0.450574,1.5692,46.22,0.0295,2.336473
55500,6937,9.969638e-5,0.467811,1.5965,45.95,0.0304,2.451468
55600,6950,9.9695244e-5,0.455922,1.5776,46.12,0.0297,2.375156
55700,6962,9.969418e-5,0.452115,1.5716,47.11,0.0285,2.337166
55800,6975,9.969305e-5,0.447796,1.5649,45.30,0.0296,2.339343
55900,6987,9.9691984e-5,0.441576,1.5552,46.10,0.0298,2.307554
56000,7000,9.969085e-5,0.449858,1.5681,46.83,0.0293,2.343192
56100,7012,9.968979e-5,0.426948,1.5326,50.26,0.0326,2.192841
56200,7025,9.968864e-5,0.448304,1.5657,45.86,0.0288,2.360075
56300,7037,9.9687575e-5,0.450051,1.5684,47.29,0.0289,2.355901
56400,7050,9.9686426e-5,0.445006,1.5605,46.62,0.0301,2.319088
56500,7062,9.968535e-5,0.434581,1.5443,45.56,0.0293,2.256255
56600,7075,9.96842e-5,0.444619,1.5599,46.45,0.0301,2.307634
56700,7087,9.968312e-5,0.447043,1.5637,46.05,0.0303,2.341585
56800,7100,9.968196e-5,0.456778,1.5790,45.89,0.0290,2.384781
56900,7112,9.968088e-5,0.439807,1.5524,45.30,0.0301,2.276048
57000,7125,9.967972e-5,0.458923,1.5824,46.62,0.0282,2.403210
57100,7137,9.967864e-5,0.441263,1.5547,50.03,0.0316,2.300517
57200,7150,9.9677476e-5,0.446021,1.5621,45.91,0.0289,2.322285
57300,7162,9.9676385e-5,0.449327,1.5673,46.07,0.0300,2.356119
57400,7175,9.9675206e-5,0.452319,1.5720,46.95,0.0299,2.366277
57500,7187,9.967413e-5,0.452366,1.5720,46.75,0.0286,2.351990
57600,7200,9.967295e-5,0.447944,1.5651,46.53,0.0296,2.338378
57700,7212,9.967186e-5,0.443680,1.5584,46.04,0.0291,2.307567
57800,7225,9.967068e-5,0.444107,1.5591,45.89,0.0291,2.316042
57900,7237,9.966959e-5,0.427574,1.5335,46.18,0.0315,2.216737
58000,7250,9.9668396e-5,0.450459,1.5690,46.86,0.0282,2.341697
58100,7262,9.9667304e-5,0.452647,1.5725,49.67,0.0300,2.364258
58200,7275,9.966611e-5,0.450958,1.5698,46.57,0.0303,2.340459
58300,7287,9.9665005e-5,0.471846,1.6029,47.61,0.0282,2.468423
58400,7300,9.966381e-5,0.441483,1.5550,46.22,0.0303,2.287842
58500,7312,9.9662706e-5,0.429698,1.5368,45.87,0.0306,2.238082
58600,7325,9.966151e-5,0.441561,1.5551,46.18,0.0304,2.295274
58700,7337,9.966041e-5,0.454779,1.5758,45.77,0.0298,2.372502
58800,7350,9.96592e-5,0.446828,1.5633,46.51,0.0288,2.326424
58900,7362,9.965808e-5,0.436900,1.5479,46.59,0.0288,2.271841
59000,7375,9.965687e-5,0.431848,1.5401,46.03,0.0293,2.247652
59100,7387,9.9655765e-5,0.453402,1.5737,48.77,0.0313,2.373038
59200,7400,9.965454e-5,0.444165,1.5592,46.20,0.0286,2.309710
59300,7412,9.965342e-5,0.454749,1.5758,46.96,0.0287,2.383446
59400,7425,9.9652214e-5,0.433164,1.5421,46.34,0.0293,2.237060
59500,7437,9.965109e-5,0.447812,1.5649,46.87,0.0294,2.339416
59600,7450,9.964987e-5,0.445838,1.5618,46.54,0.0298,2.334038
59700,7462,9.964875e-5,0.459970,1.5840,46.41,0.0294,2.407051
59800,7475,9.964753e-5,0.443419,1.5580,46.01,0.0291,2.307171
59900,7487,9.964639e-5,0.456556,1.5786,46.81,0.0297,2.390294
60000,7500,9.964517e-5,0.450992,1.5699,43.96,0.0282,2.358636
60100,7512,9.9644036e-5,0.447987,1.5652,45.56,0.0278,2.334361
60200,7525,9.96428e-5,0.436330,1.5470,40.89,0.0279,2.262506
60300,7537,9.9641664e-5,0.442623,1.5568,41.59,0.0265,2.305373
60400,7550,9.964043e-5,0.455435,1.5769,41.67,0.0268,2.376422
60500,7562,9.963928e-5,0.433910,1.5433,42.43,0.0271,2.265084
60600,7575,9.963804e-5,0.450497,1.5691,41.13,0.0269,2.355751
60700,7587,9.963689e-5,0.444593,1.5599,41.86,0.0256,2.322570
60800,7600,9.9635654e-5,0.454570,1.5755,42.01,0.0267,2.393591
60900,7612,9.9634504e-5,0.459422,1.5832,41.54,0.0266,2.418420
61000,7625,9.963325e-5,0.449406,1.5674,42.87,0.0258,2.335068
61100,7637,9.96321e-5,0.442688,1.5569,46.04,0.0308,2.325427
61200,7650,9.963084e-5,0.450107,1.5685,42.38,0.0270,2.347615
61300,7662,9.962969e-5,0.448972,1.5667,42.39,0.0286,2.357294
61400,7675,9.9628436e-5,0.429688,1.5368,44.26,0.0287,2.233407
61500,7687,9.962727e-5,0.437386,1.5487,45.17,0.0285,2.270666
61600,7700,9.962602e-5,0.430496,1.5380,46.19,0.0295,2.225415
61700,7712,9.962484e-5,0.432793,1.5416,45.41,0.0314,2.259369
61800,7725,9.9623576e-5,0.451504,1.5707,46.54,0.0291,2.367817
61900,7737,9.962241e-5,0.441491,1.5550,46.63,0.0285,2.297807
62000,7750,9.9621146e-5,0.462638,1.5883,46.85,0.0280,2.427423
62100,7762,9.961998e-5,0.459008,1.5825,51.93,0.0316,2.404027
62200,7775,9.96187e-5,0.423530,1.5273,46.31,0.0310,2.184968
62300,7787,9.961752e-5,0.460829,1.5854,47.03,0.0302,2.420095
62400,7800,9.9616256e-5,0.445356,1.5610,44.61,0.0276,2.328428
62500,7812,9.961508e-5,0.429414,1.5364,46.15,0.0289,2.255929
62600,7825,9.96138e-5,0.432688,1.5414,45.91,0.0283,2.247707
62700,7837,9.9612604e-5,0.455044,1.5762,46.58,0.0301,2.367330
62800,7850,9.961132e-5,0.432705,1.5414,45.53,0.0282,2.233628
62900,7862,9.961013e-5,0.442489,1.5566,45.89,0.0293,2.289923
63000,7875,9.960885e-5,0.441727,1.5554,46.41,0.0283,2.291118
63100,7887,9.9607656e-5,0.450564,1.5692,51.24,0.0327,2.351672
63200,7900,9.960636e-5,0.430124,1.5374,46.15,0.0292,2.263361
63300,7912,9.960517e-5,0.424256,1.5285,44.37,0.0293,2.195880
63400,7925,9.960387e-5,0.448521,1.5660,46.77,0.0274,2.328717
63500,7937,9.9602665e-5,0.427096,1.5328,46.08,0.0304,2.238629
63600,7950,9.960137e-5,0.427734,1.5338,45.18,0.0307,2.213005
63700,7962,9.9600176e-5,0.426865,1.5324,45.93,0.0293,2.206810
63800,7975,9.959887e-5,0.441245,1.5546,45.79,0.0297,2.294283
63900,7987,9.959766e-5,0.443922,1.5588,46.00,0.0289,2.314494
64000,8000,9.959635e-5,0.467313,1.5957,46.27,0.0302,2.468805
64100,8012,9.959514e-5,0.451086,1.5700,49.97,0.0313,2.367991
64200,8025,9.959382e-5,0.443744,1.5585,47.63,0.0266,2.318379
64300,8037,9.959261e-5,0.440087,1.5528,46.23,0.0279,2.295248
64400,8050,9.95913e-5,0.440411,1.5533,47.00,0.0290,2.301182
64500,8062,9.959008e-5,0.446691,1.5631,46.22,0.0293,2.325596
64600,8075,9.958875e-5,0.429841,1.5370,45.68,0.0302,2.242969
64700,8087,9.958753e-5,0.448134,1.5654,47.24,0.0272,2.332021
64800,8100,9.958621e-5,0.418453,1.5196,46.11,0.0289,2.168782
64900,8112,9.9584984e-5,0.428279,1.5346,44.88,0.0308,2.236274
65000,8125,9.958366e-5,0.450668,1.5694,46.28,0.0291,2.350574
65100,8137,9.958242e-5,0.442289,1.5563,50.76,0.0306,2.306538
65200,8150,9.95811e-5,0.452004,1.5715,44.98,0.0296,2.348618
65300,8162,9.957986e-5,0.421628,1.5244,47.56,0.0289,2.190792
65400,8175,9.957852e-5,0.455527,1.5770,45.29,0.0291,2.408495
65500,8187,9.9577286e-5,0.440529,1.5535,47.39,0.0293,2.287913
65600,8200,9.957595e-5,0.444004,1.5589,47.80,0.0275,2.308355
65700,8212,9.957471e-5,0.426322,1.5316,46.32,0.0303,2.243297
65800,8225,9.957336e-5,0.427373,1.5332,45.75,0.0295,2.221660
65900,8237,9.957212e-5,0.456831,1.5791,46.67,0.0298,2.387467
66000,8250,9.957077e-5,0.418664,1.5199,45.91,0.0286,2.186793
66100,8262,9.9569515e-5,0.428899,1.5356,49.92,0.0342,2.232588
66200,8275,9.956816e-5,0.427743,1.5338,45.79,0.0311,2.246378
66300,8287,9.956691e-5,0.424183,1.5283,45.84,0.0289,2.208277
66400,8300,9.956556e-5,0.441996,1.5558,44.97,0.0295,2.307333
66500,8312,9.9564306e-5,0.436690,1.5476,46.66,0.0291,2.291828
66600,8325,9.956294e-5,0.447136,1.5638,45.06,0.0316,2.349899
66700,8337,9.956169e-5,0.452627,1.5724,45.82,0.0295,2.382850
66800,8350,9.956032e-5,0.444831,1.5602,47.74,0.0266,2.322875
66900,8362,9.955905e-5,0.426847,1.5324,44.91,0.0293,2.212552
67000,8375,9.9557685e-5,0.432836,1.5416,45.36,0.0296,2.275518
67100,8387,9.955642e-5,0.432195,1.5406,51.27,0.0304,2.253281
67200,8400,9.955505e-5,0.434346,1.5440,46.63,0.0304,2.275395
67300,8412,9.955377e-5,0.438659,1.5506,46.64,0.0288,2.309244
67400,8425,9.955239e-5,0.453633,1.5740,47.13,0.0290,2.384511
67500,8437,9.955112e-5,0.446217,1.5624,46.10,0.0289,2.332181
67600,8450,9.954974e-5,0.466931,1.5951,47.28,0.0278,2.437729
67700,8462,9.954846e-5,0.463345,1.5894,46.86,0.0291,2.440877
67800,8475,9.954708e-5,0.438241,1.5500,47.01,0.0290,2.288755
67900,8487,9.9545796e-5,0.432119,1.5405,45.86,0.0287,2.242120
68000,8500,9.95444e-5,0.439817,1.5524,45.91,0.0278,2.304618
68100,8512,9.954312e-5,0.421226,1.5238,50.92,0.0330,2.193027
68200,8525,9.954172e-5,0.435916,1.5464,45.69,0.0284,2.275649
68300,8537,9.9540426e-5,0.437432,1.5487,46.34,0.0299,2.285178
68400,8550,9.9539044e-5,0.435508,1.5457,52.41,0.0341,2.272590
68500,8562,9.9537734e-5,0.443780,1.5586,49.27,0.0304,2.342374
68600,8575,9.953634e-5,0.422107,1.5252,45.51,0.0321,2.198915
68700,8587,9.953504e-5,0.419547,1.5213,46.97,0.0307,2.175757
68800,8600,9.9533645e-5,0.432866,1.5417,46.54,0.0301,2.253865
68900,8612,9.9532335e-5,0.435886,1.5463,44.91,0.0280,2.261377
69000,8625,9.9530924e-5,0.427821,1.5339,45.78,0.0302,2.241837
69100,8637,9.952963e-5,0.430512,1.5380,50.83,0.0323,2.237853
69200,8650,9.952822e-5,0.431842,1.5401,46.32,0.0295,2.250536
69300,8662,9.952691e-5,0.419558,1.5213,45.83,0.0294,2.189951
69400,8675,9.952548e-5,0.437919,1.5495,46.21,0.0291,2.286368
69500,8687,9.952417e-5,0.416506,1.5167,45.40,0.0314,2.185386
69600,8700,9.9522746e-5,0.437835,1.5493,45.97,0.0315,2.301464
69700,8712,9.9521436e-5,0.422042,1.5251,46.31,0.0309,2.202973
69800,8725,9.952001e-5,0.445272,1.5609,46.45,0.0309,2.356397
69900,8737,9.9518686e-5,0.432242,1.5407,45.46,0.0297,2.253459
70000,8750,9.951726e-5,0.425415,1.5302,46.83,0.0292,2.230054
70100,8762,9.9515935e-5,0.437884,1.5494,51.52,0.0317,2.272628
70200,8775,9.9514495e-5,0.431638,1.5398,46.93,0.0289,2.255106
70300,8787,9.951317e-5,0.421620,1.5244,45.31,0.0292,2.207380
70400,8800,9.951173e-5,0.437263,1.5485,45.54,0.0296,2.283539
70500,8812,9.9510406e-5,0.427269,1.5331,45.80,0.0301,2.226861
70600,8825,9.9508965e-5,0.435449,1.5457,46.19,0.0290,2.268409
70700,8837,9.9507626e-5,0.437437,1.5487,46.18,0.0298,2.294725
70800,8850,9.9506186e-5,0.428095,1.5343,44.79,0.0295,2.230217
70900,8862,9.950485e-5,0.439171,1.5514,46.11,0.0312,2.288645
71000,8875,9.950339e-5,0.422177,1.5253,45.97,0.0288,2.206820
71100,8887,9.950205e-5,0.463447,1.5895,51.06,0.0296,2.420754
71200,8900,9.95006e-5,0.423702,1.5276,45.51,0.0292,2.187373
71300,8912,9.9499244e-5,0.429561,1.5366,47.15,0.0291,2.227861
71400,8925,9.949779e-5,0.444247,1.5593,45.99,0.0309,2.335417
71500,8937,9.949645e-5,0.440308,1.5532,47.46,0.0294,2.320764
71600,8950,9.949498e-5,0.454295,1.5751,46.00,0.0286,2.391686
71700,8962,9.949363e-5,0.414984,1.5143,47.01,0.0283,2.153692
71800,8975,9.949216e-5,0.419626,1.5214,45.70,0.0296,2.187165
71900,8987,9.9490804e-5,0.432598,1.5413,45.91,0.0279,2.230122
72000,9000,9.9489334e-5,0.417744,1.5185,46.49,0.0304,2.177956
72100,9012,9.948797e-5,0.423421,1.5272,49.28,0.0312,2.191994
72200,9025,9.94865e-5,0.438383,1.5502,46.04,0.0279,2.288776
72300,9037,9.948513e-5,0.429826,1.5370,46.06,0.0303,2.251822
72400,9050,9.948366e-5,0.413300,1.5118,44.37,0.0301,2.153822
72500,9062,9.948228e-5,0.415241,1.5147,45.63,0.0309,2.163379
72600,9075,9.948081e-5,0.429777,1.5369,45.32,0.0299,2.238184
72700,9087,9.9479425e-5,0.435415,1.5456,46.03,0.0285,2.283829
72800,9100,9.947794e-5,0.443064,1.5575,45.87,0.0286,2.310688
72900,9112,9.947656e-5,0.430761,1.5384,46.48,0.0285,2.248997
73000,9125,9.947507e-5,0.438687,1.5507,46.78,0.0298,2.298389
73100,9137,9.947369e-5,0.453281,1.5735,51.54,0.0300,2.378852
73200,9150,9.947219e-5,0.414428,1.5135,47.09,0.0292,2.159120
73300,9162,9.9470824e-5,0.432661,1.5414,45.27,0.0301,2.263612
73400,9175,9.946931e-5,0.426166,1.5314,46.09,0.0299,2.227363
73500,9187,9.946793e-5,0.418451,1.5196,46.62,0.0294,2.185417
73600,9200,9.946643e-5,0.435501,1.5457,47.10,0.0292,2.285864
73700,9212,9.946503e-5,0.427442,1.5333,46.57,0.0282,2.238409
73800,9225,9.9463534e-5,0.431031,1.5388,47.05,0.0288,2.238832
73900,9237,9.946214e-5,0.455623,1.5772,46.31,0.0293,2.388382
74000,9250,9.946062e-5,0.413257,1.5117,45.76,0.0299,2.162086
74100,9262,9.945923e-5,0.411128,1.5085,49.51,0.0320,2.148116
74200,9275,9.945771e-5,0.418206,1.5192,46.51,0.0311,2.162735
74300,9287,9.94563e-5,0.402106,1.4950,46.48,0.0288,2.093922
74400,9300,9.945479e-5,0.414308,1.5133,46.61,0.0309,2.152414
74500,9312,9.945338e-5,0.414833,1.5141,46.88,0.0290,2.163766
74600,9325,9.945186e-5,0.429702,1.5368,46.22,0.0283,2.249462
74700,9337,9.945045e-5,0.421915,1.5249,47.45,0.0285,2.189191
74800,9350,9.9448924e-5,0.428236,1.5345,46.76,0.0289,2.229284
74900,9362,9.944751e-5,0.419908,1.5218,46.50,0.0285,2.186315
75000,9375,9.944597e-5,0.431532,1.5396,47.86,0.0270,2.246635
75100,9387,9.944456e-5,0.416147,1.5161,52.12,0.0333,2.144983
75200,9400,9.944303e-5,0.436192,1.5468,46.04,0.0275,2.283882
75300,9412,9.9441604e-5,0.410858,1.5081,44.85,0.0299,2.139051
75400,9425,9.944006e-5,0.413441,1.5120,45.34,0.0295,2.148663
75500,9437,9.9438636e-5,0.415631,1.5153,44.73,0.0306,2.171454
75600,9450,9.943709e-5,0.432566,1.5412,46.77,0.0289,2.271837
75700,9462,9.943567e-5,0.452048,1.5715,47.38,0.0284,2.370629
75800,9475,9.9434124e-5,0.438634,1.5506,45.57,0.0293,2.290370
75900,9487,9.9432684e-5,0.424872,1.5294,46.96,0.0298,2.236026
76000,9500,9.943114e-5,0.429480,1.5365,47.31,0.0278,2.249763
76100,9512,9.94297e-5,0.430158,1.5375,50.34,0.0300,2.228729
76200,9525,9.942814e-5,0.432719,1.5414,46.03,0.0278,2.252972
76300,9537,9.94267e-5,0.427340,1.5332,45.98,0.0278,2.233185
76400,9550,9.9425146e-5,0.414836,1.5141,45.10,0.0286,2.163819
76500,9562,9.9423705e-5,0.427297,1.5331,45.42,0.0291,2.247188
76600,9575,9.9422134e-5,0.419783,1.5216,47.72,0.0293,2.190491
76700,9587,9.942069e-5,0.409444,1.5060,45.55,0.0294,2.132792
76800,9600,9.941912e-5,0.418711,1.5200,46.28,0.0277,2.171325
76900,9612,9.9417666e-5,0.420561,1.5228,46.46,0.0297,2.197039
77000,9625,9.9416095e-5,0.423917,1.5279,45.59,0.0300,2.208542
77100,9637,9.941464e-5,0.409612,1.5062,49.92,0.0314,2.139839
77200,9650,9.941307e-5,0.432544,1.5412,46.48,0.0287,2.272249
77300,9662,9.941161e-5,0.426912,1.5325,45.44,0.0307,2.232502
77400,9675,9.941003e-5,0.437581,1.5490,45.90,0.0281,2.289546
77500,9687,9.940857e-5,0.421897,1.5249,46.99,0.0290,2.217173
77600,9700,9.9406985e-5,0.427313,1.5331,46.91,0.0291,2.233101
77700,9712,9.9405515e-5,0.438522,1.5504,47.05,0.0293,2.306492
77800,9725,9.940393e-5,0.431982,1.5403,47.41,0.0283,2.250417
77900,9737,9.940246e-5,0.397665,1.4883,45.26,0.0300,2.074243
78000,9750,9.940087e-5,0.409173,1.5056,46.14,0.0276,2.127425
78100,9762,9.939939e-5,0.427032,1.5327,51.01,0.0330,2.234080
78200,9775,9.93978e-5,0.415495,1.5151,46.36,0.0293,2.153279
78300,9787,9.939632e-5,0.422837,1.5263,46.51,0.0299,2.206166
78400,9800,9.939472e-5,0.422238,1.5254,45.53,0.0297,2.193424
78500,9812,9.939325e-5,0.417548,1.5182,46.32,0.0289,2.166472
78600,9825,9.939163e-5,0.416421,1.5165,45.02,0.0316,2.172401
78700,9837,9.939015e-5,0.412461,1.5105,45.39,0.0294,2.158766
78800,9850,9.938855e-5,0.420112,1.5221,47.77,0.0306,2.188497
78900,9862,9.938706e-5,0.407328,1.5028,47.85,0.0310,2.115325
79000,9875,9.938545e-5,0.427102,1.5328,49.71,0.0308,2.236684
79100,9887,9.938395e-5,0.431113,1.5390,54.09,0.0330,2.256993
79200,9900,9.9382334e-5,0.419585,1.5213,49.16,0.0321,2.185029
79300,9912,9.9380835e-5,0.417450,1.5181,47.76,0.0295,2.178437
79400,9925,9.937922e-5,0.421738,1.5246,49.96,0.0299,2.189955
79500,9937,9.937772e-5,0.415547,1.5152,49.53,0.0307,2.173336
79600,9950,9.937609e-5,0.421249,1.5239,48.54,0.0307,2.201868
79700,9962,9.937459e-5,0.411054,1.5084,49.42,0.0310,2.134455
79800,9975,9.937296e-5,0.423773,1.5277,52.29,0.0316,2.218499
79900,9987,9.9371464e-5,0.409369,1.5059,48.35,0.0306,2.126987
80000,10000,9.936982e-5,0.400434,1.4925,49.41,0.0319,2.084366
80100,10012,9.936832e-5,0.418988,1.5204,51.20,0.0325,2.200408
80200,10025,9.9366676e-5,0.407669,1.5033,46.61,0.0300,2.123025
80300,10037,9.936516e-5,0.425600,1.5305,49.69,0.0280,2.219592
80400,10050,9.936352e-5,0.429913,1.5371,47.73,0.0309,2.255579
80500,10062,9.9362005e-5,0.418407,1.5195,48.05,0.0295,2.172060
80600,10075,9.936036e-5,0.402999,1.4963,48.06,0.0295,2.076517
80700,10087,9.935883e-5,0.399457,1.4910,47.67,0.0297,2.065836
80800,10100,9.935719e-5,0.419760,1.5216,48.57,0.0292,2.197104
80900,10112,9.935566e-5,0.419716,1.5215,48.15,0.0313,2.200282
81000,10125,9.9354e-5,0.422565,1.5259,47.09,0.0306,2.213219
81100,10137,9.935247e-5,0.424138,1.5283,50.40,0.0320,2.225992
81200,10150,9.9350815e-5,0.412489,1.5106,48.49,0.0295,2.145518
81300,10162,9.934929e-5,0.423364,1.5271,47.71,0.0308,2.209356
81400,10175,9.934763e-5,0.424437,1.5287,47.75,0.0307,2.218303
81500,10187,9.9346085e-5,0.474909,1.6079,46.98,0.0297,2.572679
81600,10200,9.934443e-5,0.417271,1.5178,47.29,0.0311,2.187953
81700,10212,9.9342884e-5,0.433408,1.5425,53.39,0.0326,2.272732
81800,10225,9.9341225e-5,0.406095,1.5009,39.81,0.0259,2.112350
81900,10237,9.933967e-5,0.413791,1.5125,37.86,0.0249,2.159479
82000,10250,9.9337994e-5,0.422258,1.5254,46.18,0.0305,2.200098
82100,10262,9.933645e-5,0.420496,1.5227,51.61,0.0341,2.201312
82200,10275,9.9334764e-5,0.416110,1.5161,46.20,0.0296,2.168154
82300,10287,9.933322e-5,0.435654,1.5460,47.75,0.0298,2.273027
82400,10300,9.933155e-5,0.420181,1.5222,47.65,0.0291,2.198765
82500,10312,9.932999e-5,0.410722,1.5079,47.95,0.0302,2.136686
82600,10325,9.93283e-5,0.417909,1.5188,47.50,0.0297,2.168421
82700,10337,9.9326746e-5,0.420937,1.5234,47.12,0.0293,2.215451
82800,10350,9.932504e-5,0.411439,1.5090,48.61,0.0300,2.153299
82900,10362,9.9323486e-5,0.401265,1.4937,48.60,0.0300,2.067123
83000,10375,9.93218e-5,0.416498,1.5166,47.60,0.0318,2.172788
83100,10387,9.932023e-5,0.394037,1.4830,52.47,0.0346,2.044635
83200,10400,9.9318524e-5,0.416479,1.5166,47.64,0.0315,2.199634
83300,10412,9.931697e-5,0.428640,1.5352,49.01,0.0308,2.255592
83400,10425,9.931525e-5,0.413123,1.5115,49.14,0.0303,2.164999
83500,10437,9.931369e-5,0.392900,1.4813,48.27,0.0339,2.054826
83600,10450,9.9311976e-5,0.427943,1.5341,48.42,0.0317,2.252401
83700,10462,9.9310404e-5,0.419226,1.5208,47.86,0.0305,2.206056
83800,10475,9.930869e-5,0.394544,1.4837,47.99,0.0328,2.053260
83900,10487,9.9307115e-5,0.407893,1.5036,48.60,0.0325,2.123505
84000,10500,9.93054e-5,0.421729,1.5246,48.26,0.0302,2.199925
84100,10512,9.930381e-5,0.394771,1.4840,48.07,0.0319,2.062861
84200,10525,9.9302095e-5,0.411685,1.5094,42.86,0.0285,2.156155
84300,10537,9.930051e-5,0.421174,1.5237,42.06,0.0260,2.196522
84400,10550,9.929879e-5,0.406151,1.5010,41.64,0.0263,2.111413
84500,10562,9.929719e-5,0.413668,1.5124,41.91,0.0275,2.174053
84600,10575,9.929546e-5,0.410858,1.5081,43.30,0.0260,2.135117
84700,10587,9.929387e-5,0.415219,1.5147,42.45,0.0279,2.179681
84800,10600,9.929213e-5,0.423881,1.5279,42.09,0.0281,2.224908
84900,10612,9.929054e-5,0.412146,1.5101,41.91,0.0265,2.148696
85000,10625,9.928881e-5,0.399971,1.4918,41.19,0.0277,2.080832
85100,10637,9.9287194e-5,0.400575,1.4927,46.05,0.0300,2.103804
85200,10650,9.928546e-5,0.409923,1.5067,42.69,0.0276,2.149371
85300,10662,9.928385e-5,0.411649,1.5093,42.21,0.0259,2.150531
85400,10675,9.9282115e-5,0.410545,1.5076,42.29,0.0269,2.127766
85500,10687,9.92805e-5,0.427868,1.5340,42.26,0.0280,2.235687
85600,10700,9.927875e-5,0.410710,1.5079,41.93,0.0281,2.161567
85700,10712,9.927714e-5,0.408222,1.5041,47.44,0.0299,2.130418
85800,10725,9.927539e-5,0.412653,1.5108,48.24,0.0310,2.162630
85900,10737,9.927378e-5,0.433906,1.5433,47.60,0.0309,2.303705
86000,10750,9.9272016e-5,0.410131,1.5070,46.46,0.0306,2.135274
86100,10762,9.92704e-5,0.409362,1.5059,49.86,0.0317,2.132890
86200,10775,9.926864e-5,0.425580,1.5305,46.51,0.0305,2.216561
86300,10787,9.926701e-5,0.397856,1.4886,47.32,0.0308,2.080514
86400,10800,9.926525e-5,0.416624,1.5168,48.98,0.0288,2.168619
86500,10812,9.926362e-5,0.397164,1.4876,46.98,0.0295,2.063260
86600,10825,9.926186e-5,0.397539,1.4882,45.99,0.0287,2.065565
86700,10837,9.9260214e-5,0.401780,1.4945,46.92,0.0317,2.092932
86800,10850,9.925844e-5,0.401399,1.4939,46.80,0.0309,2.100132
86900,10862,9.925681e-5,0.413307,1.5118,46.98,0.0304,2.145084
87000,10875,9.9255034e-5,0.427834,1.5339,46.90,0.0297,2.248729
87100,10887,9.925339e-5,0.404861,1.4991,54.06,0.0314,2.092016
87200,10900,9.9251614e-5,0.395038,1.4844,49.26,0.0312,2.051590
87300,10912,9.924997e-5,0.417109,1.5176,50.53,0.0296,2.190213
87400,10925,9.9248195e-5,0.425356,1.5301,50.40,0.0306,2.231695
87500,10937,9.9246536e-5,0.411691,1.5094,49.19,0.0304,2.132258
87600,10950,9.924476e-5,0.400939,1.4932,50.17,0.0306,2.073015
87700,10962,9.92431e-5,0.409446,1.5060,48.58,0.0304,2.138660
87800,10975,9.924131e-5,0.431656,1.5398,49.66,0.0311,2.269245
87900,10987,9.923965e-5,0.410833,1.5081,49.24,0.0330,2.159885
88000,11000,9.923786e-5,0.397610,1.4883,48.60,0.0327,2.063655
88100,11012,9.9236204e-5,0.404713,1.4989,52.71,0.0360,2.113518
88200,11025,9.92344e-5,0.409066,1.5054,47.73,0.0297,2.120807
88300,11037,9.923274e-5,0.392642,1.4809,46.71,0.0307,2.053081
88400,11050,9.9230936e-5,0.422365,1.5256,47.86,0.0286,2.206208
88500,11062,9.922926e-5,0.414001,1.5129,47.94,0.0284,2.160489
88600,11075,9.922746e-5,0.414950,1.5143,47.34,0.0303,2.173088
88700,11087,9.92258e-5,0.422917,1.5264,49.11,0.0298,2.224987
88800,11100,9.922398e-5,0.398000,1.4888,47.00,0.0294,2.070466
88900,11112,9.922231e-5,0.409539,1.5061,48.53,0.0286,2.130923
89000,11125,9.922049e-5,0.404357,1.4983,46.50,0.0306,2.116018
89100,11137,9.9218814e-5,0.418115,1.5191,51.25,0.0329,2.187958
89200,11150,9.9216995e-5,0.404906,1.4992,48.93,0.0296,2.107685
89300,11162,9.921532e-5,0.401797,1.4945,46.07,0.0309,2.092304
89400,11175,9.921349e-5,0.395361,1.4849,46.91,0.0297,2.042012
89500,11187,9.92118e-5,0.425077,1.5297,47.91,0.0304,2.208298
89600,11200,9.920997e-5,0.403503,1.4971,48.04,0.0304,2.112865
89700,11212,9.920829e-5,0.398252,1.4892,46.53,0.0298,2.056252
89800,11225,9.920646e-5,0.406793,1.5020,48.31,0.0306,2.106700
89900,11237,9.920476e-5,0.419329,1.5209,48.46,0.0306,2.196178
90000,11250,9.920292e-5,0.393609,1.4823,46.98,0.0322,2.055134
90100,11262,9.9201236e-5,0.425227,1.5299,54.16,0.0339,2.200090
90200,11275,9.919939e-5,0.401310,1.4938,46.95,0.0302,2.101854
90300,11287,9.9197685e-5,0.399124,1.4905,46.90,0.0290,2.081198
90400,11300,9.919585e-5,0.416994,1.5174,47.19,0.0298,2.176591
90500,11312,9.919415e-5,0.414171,1.5131,46.41,0.0309,2.158087
90600,11325,9.91923e-5,0.403945,1.4977,48.98,0.0299,2.106453
90700,11337,9.919058e-5,0.382912,1.4665,46.98,0.0314,1.987500
90800,11350,9.9188735e-5,0.422803,1.5262,49.09,0.0292,2.208290
90900,11362,9.918702e-5,0.428577,1.5351,47.68,0.0298,2.271709
91000,11375,9.918517e-5,0.436489,1.5473,48.94,0.0297,2.297292
91100,11387,9.918345e-5,0.409134,1.5055,51.71,0.0351,2.138215
91200,11400,9.918159e-5,0.395810,1.4856,46.47,0.0307,2.072333
91300,11412,9.917987e-5,0.409192,1.5056,47.47,0.0321,2.132314
91400,11425,9.917801e-5,0.407888,1.5036,48.96,0.0304,2.130083
91500,11437,9.917629e-5,0.408910,1.5052,49.76,0.0301,2.123367
91600,11450,9.917442e-5,0.396388,1.4864,48.54,0.0323,2.058892
91700,11462,9.91727e-5,0.402836,1.4961,49.55,0.0313,2.113173
91800,11475,9.917082e-5,0.410003,1.5068,48.45,0.0321,2.171495
91900,11487,9.916909e-5,0.382760,1.4663,47.65,0.0320,1.987808
92000,11500,9.916721e-5,0.404443,1.4985,49.74,0.0328,2.111546
92100,11512,9.916548e-5,0.401829,1.4946,52.65,0.0338,2.096109
92200,11525,9.9163604e-5,0.409168,1.5056,49.11,0.0304,2.138474
92300,11537,9.916186e-5,0.389419,1.4761,47.58,0.0321,2.041059
92400,11550,9.915998e-5,0.398138,1.4891,46.57,0.0304,2.053078
92500,11562,9.915825e-5,0.412023,1.5099,47.31,0.0324,2.137440
92600,11575,9.915636e-5,0.403819,1.4975,48.01,0.0290,2.097386
92700,11587,9.915461e-5,0.395391,1.4850,47.95,0.0310,2.061777
92800,11600,9.915272e-5,0.386850,1.4723,46.65,0.0301,2.013347
92900,11612,9.915097e-5,0.419568,1.5213,45.94,0.0304,2.205014
93000,11625,9.914908e-5,0.413800,1.5126,44.84,0.0300,2.173585
93100,11637,9.914732e-5,0.412977,1.5113,49.40,0.0328,2.157306
93200,11650,9.914543e-5,0.420031,1.5220,47.40,0.0286,2.193988
93300,11662,9.914367e-5,0.403614,1.4972,48.57,0.0284,2.108310
93400,11675,9.914176e-5,0.413114,1.5115,46.90,0.0295,2.155711
93500,11687,9.914e-5,0.390391,1.4776,46.66,0.0288,2.028080
93600,11700,9.9138095e-5,0.404054,1.4979,46.43,0.0290,2.093759
93700,11712,9.9136334e-5,0.398943,1.4902,46.53,0.0311,2.070649
93800,11725,9.913441e-5,0.402598,1.4957,49.23,0.0298,2.099321
93900,11737,9.913265e-5,0.394758,1.4840,46.71,0.0317,2.064719
94000,11750,9.913073e-5,0.417022,1.5174,48.33,0.0304,2.183416
94100,11762,9.912897e-5,0.396783,1.4870,52.96,0.0335,2.061257
94200,11775,9.912705e-5,0.395436,1.4850,45.43,0.0305,2.076488
94300,11787,9.9125275e-5,0.400101,1.4920,46.94,0.0295,2.080347
94400,11800,9.9123354e-5,0.386863,1.4724,46.07,0.0285,2.008905
94500,11812,9.9121564e-5,0.412730,1.5109,48.68,0.0305,2.156717
94600,11825,9.911964e-5,0.394768,1.4840,47.97,0.0321,2.046999
94700,11837,9.911785e-5,0.376716,1.4575,43.58,0.0318,1.964137
94800,11850,9.911592e-5,0.411714,1.5094,47.58,0.0293,2.140742
94900,11862,9.911414e-5,0.410894,1.5082,46.76,0.0302,2.148831
95000,11875,9.911221e-5,0.409035,1.5054,49.15,0.0328,2.145617
95100,11887,9.911042e-5,0.409814,1.5065,52.15,0.0342,2.133190
95200,11900,9.910848e-5,0.410103,1.5070,47.67,0.0302,2.139222
95300,11912,9.910668e-5,0.406194,1.5011,45.91,0.0298,2.134011
95400,11925,9.910473e-5,0.401672,1.4943,46.59,0.0304,2.106884
95500,11937,9.910294e-5,0.408977,1.5053,47.97,0.0295,2.142278
95600,11950,9.910099e-5,0.428856,1.5355,49.52,0.0312,2.251479
95700,11962,9.90992e-5,0.387372,1.4731,49.46,0.0317,2.019038
95800,11975,9.909723e-5,0.390776,1.4781,48.42,0.0331,2.047906
95900,11987,9.909543e-5,0.400987,1.4933,48.75,0.0324,2.103271
96000,12000,9.909348e-5,0.405849,1.5006,48.52,0.0306,2.123470
96100,12012,9.9091674e-5,0.400372,1.4924,52.29,0.0352,2.080412
96200,12025,9.908971e-5,0.403048,1.4964,50.66,0.0318,2.124539
96300,12037,9.9087905e-5,0.390620,1.4779,48.49,0.0316,2.026102
96400,12050,9.908594e-5,0.412105,1.5100,49.95,0.0337,2.166246
96500,12062,9.908412e-5,0.389537,1.4763,48.16,0.0312,2.034762
96600,12075,9.908214e-5,0.396505,1.4866,50.99,0.0317,2.058051
96700,12087,9.9080324e-5,0.399392,1.4909,50.69,0.0317,2.090895
96800,12100,9.907836e-5,0.420680,1.5230,51.43,0.0286,2.184698
96900,12112,9.907654e-5,0.395095,1.4845,49.65,0.0305,2.053360
97000,12125,9.907456e-5,0.416636,1.5169,49.52,0.0323,2.169001
97100,12137,9.907273e-5,0.390376,1.4775,56.00,0.0370,2.020336
97200,12150,9.907075e-5,0.417459,1.5181,49.56,0.0297,2.176002
97300,12162,9.9068915e-5,0.408036,1.5039,50.67,0.0300,2.124864
97400,12175,9.9066936e-5,0.442639,1.5568,51.22,0.0301,2.322137
97500,12187,9.90651e-5,0.380775,1.4634,49.40,0.0318,1.969973
97600,12200,9.906312e-5,0.394213,1.4832,49.29,0.0335,2.080896
97700,12212,9.9061275e-5,0.385269,1.4700,48.58,0.0328,2.002882
97800,12225,9.905928e-5,0.401882,1.4946,48.77,0.0299,2.097119
97900,12237,9.905743e-5,0.412681,1.5109,50.15,0.0306,2.158019
98000,12250,9.905544e-5,0.382521,1.4660,48.85,0.0316,1.986733
98100,12262,9.905361e-5,0.380280,1.4627,72.96,0.0483,1.979770
98200,12275,9.90516e-5,0.407771,1.5035,51.01,0.0300,2.130099
98300,12287,9.904975e-5,0.389527,1.4763,48.66,0.0321,2.031226
98400,12300,9.904774e-5,0.400277,1.4922,50.18,0.0310,2.079163
98500,12312,9.9045894e-5,0.399827,1.4916,46.51,0.0309,2.077614
98600,12325,9.9043886e-5,0.379627,1.4617,44.92,0.0307,1.977083
98700,12337,9.904204e-5,0.404761,1.4989,47.94,0.0294,2.095711
98800,12350,9.9040015e-5,0.423727,1.5276,46.69,0.0280,2.231947
98900,12362,9.903817e-5,0.396527,1.4867,46.55,0.0283,2.079524
99000,12375,9.9036144e-5,0.419386,1.5210,46.00,0.0290,2.188476
99100,12387,9.903428e-5,0.389889,1.4768,52.75,0.0305,2.019721
99200,12400,9.903226e-5,0.397507,1.4881,45.74,0.0299,2.098245
99300,12412,9.9030396e-5,0.399209,1.4906,46.82,0.0307,2.093293
99400,12425,9.902836e-5,0.415616,1.5153,49.01,0.0290,2.189338
99500,12437,9.9026496e-5,0.397408,1.4880,47.76,0.0309,2.071962
99600,12450,9.902446e-5,0.396300,1.4863,48.92,0.0327,2.065260
99700,12462,9.9022596e-5,0.377303,1.4583,48.69,0.0314,1.958505
99800,12475,9.902056e-5,0.399200,1.4906,49.78,0.0314,2.077229
99900,12487,9.901868e-5,0.390362,1.4775,49.80,0.0327,2.043584
100000,12500,9.9016645e-5,0.402204,1.4951,48.62,0.0314,2.110924
100100,12512,9.901477e-5,0.384025,1.4682,52.43,0.0352,2.003700
100200,12525,9.901273e-5,0.381314,1.4642,48.42,0.0322,1.989547
100300,12537,9.901084e-5,0.395635,1.4853,49.49,0.0324,2.055138
100400,12550,9.900879e-5,0.413790,1.5125,49.74,0.0315,2.185804
100500,12562,9.9006895e-5,0.392069,1.4800,46.91,0.0326,2.055457
100600,12575,9.900484e-5,0.407825,1.5035,45.95,0.0292,2.148487
100700,12587,9.9002966e-5,0.394913,1.4843,46.65,0.0285,2.048017
100800,12600,9.90009e-5,0.395567,1.4852,48.40,0.0306,2.082749
100900,12612,9.899901e-5,0.378530,1.4601,49.12,0.0326,1.974723
101000,12625,9.8996956e-5,0.403830,1.4975,48.92,0.0335,2.119894
101100,12637,9.899505e-5,0.416423,1.5165,54.08,0.0333,2.194254
101200,12650,9.8993e-5,0.406245,1.5012,50.43,0.0307,2.113479
101300,12662,9.899108e-5,0.400931,1.4932,50.10,0.0328,2.102664
101400,12675,9.8989025e-5,0.402551,1.4956,49.34,0.0306,2.087851
101500,12687,9.898712e-5,0.411573,1.5092,47.73,0.0295,2.163183
101600,12700,9.898504e-5,0.399844,1.4916,48.49,0.0307,2.073478
101700,12712,9.898313e-5,0.389561,1.4763,46.57,0.0314,2.022624
101800,12725,9.8981065e-5,0.391182,1.4787,47.63,0.0296,2.032683
101900,12737,9.8979144e-5,0.404479,1.4985,46.87,0.0302,2.117182
102000,12750,9.897706e-5,0.393834,1.4827,45.22,0.0315,2.048852
102100,12762,9.897516e-5,0.410107,1.5070,52.72,0.0358,2.162754
102200,12775,9.8973076e-5,0.407694,1.5033,50.29,0.0330,2.124733
102300,12787,9.897114e-5,0.421791,1.5247,46.68,0.0288,2.214933
102400,12800,9.896906e-5,0.397383,1.4879,48.66,0.0329,2.110500
102500,12812,9.896714e-5,0.401325,1.4938,48.55,0.0322,2.076399
102600,12825,9.896504e-5,0.403161,1.4965,48.93,0.0328,2.122180
102700,12837,9.896311e-5,0.384898,1.4695,47.67,0.0322,1.995688
102800,12850,9.896103e-5,0.395807,1.4856,48.58,0.0318,2.077148
102900,12862,9.895909e-5,0.416077,1.5160,49.21,0.0316,2.180915
103000,12875,9.895698e-5,0.386868,1.4724,48.91,0.0300,2.014337
103100,12887,9.8955046e-5,0.392114,1.4801,52.49,0.0328,2.049002
103200,12900,9.895295e-5,0.411436,1.5090,48.33,0.0298,2.160620
103300,12912,9.8951015e-5,0.391938,1.4798,48.43,0.0321,2.045361
103400,12925,9.8948905e-5,0.382011,1.4652,46.25,0.0316,1.984433
103500,12937,9.8946955e-5,0.385535,1.4704,46.90,0.0295,1.998875
103600,12950,9.8944845e-5,0.406859,1.5021,47.25,0.0308,2.127865
103700,12962,9.8942895e-5,0.408412,1.5044,48.86,0.0315,2.130519
103800,12975,9.8940785e-5,0.407508,1.5031,49.70,0.0310,2.113502
103900,12987,9.8938835e-5,0.384681,1.4691,49.01,0.0276,1.985659
104000,13000,9.8936725e-5,0.375828,1.4562,46.94,0.0290,1.938475
104100,13012,9.893476e-5,0.396116,1.4860,51.09,0.0329,2.074389
104200,13025,9.8932636e-5,0.404723,1.4989,45.51,0.0276,2.095226
104300,13037,9.893069e-5,0.386806,1.4723,46.81,0.0309,2.015479
104400,13050,9.892856e-5,0.410937,1.5082,49.37,0.0312,2.140560
104500,13062,9.89266e-5,0.384477,1.4688,48.51,0.0323,2.005307
104600,13075,9.892447e-5,0.392147,1.4802,48.90,0.0294,2.056960
104700,13087,9.892249e-5,0.384616,1.4690,51.73,0.0291,1.998765
104800,13100,9.892037e-5,0.411089,1.5085,50.13,0.0296,2.148285
104900,13112,9.891839e-5,0.387754,1.4737,49.60,0.0301,2.030502
105000,13125,9.891625e-5,0.397811,1.4886,48.12,0.0318,2.086315
105100,13137,9.8914286e-5,0.407549,1.5031,51.72,0.0322,2.112920
105200,13150,9.891215e-5,0.387616,1.4735,53.17,0.0345,2.015657
105300,13162,9.891015e-5,0.399738,1.4914,57.03,0.0372,2.094573
105400,13175,9.8908014e-5,0.402123,1.4950,47.38,0.0302,2.101391
105500,13187,9.8906035e-5,0.388306,1.4745,46.73,0.0294,2.018874
105600,13200,9.890388e-5,0.398196,1.4891,45.88,0.0301,2.085932
105700,13212,9.89019e-5,0.397011,1.4874,49.37,0.0290,2.076636
105800,13225,9.889975e-5,0.389026,1.4755,46.17,0.0294,2.027420
105900,13237,9.8897755e-5,0.397534,1.4882,46.01,0.0300,2.071732
106000,13250,9.88956e-5,0.406463,1.5015,46.07,0.0292,2.124799
106100,13262,9.889361e-5,0.395959,1.4858,50.55,0.0336,2.071120
106200,13275,9.889144e-5,0.405143,1.4995,48.95,0.0308,2.117543
106300,13287,9.8889446e-5,0.404093,1.4979,48.92,0.0301,2.107917
106400,13300,9.888728e-5,0.416098,1.5160,47.40,0.0309,2.180614
106500,13312,9.8885284e-5,0.381618,1.4647,48.05,0.0329,2.002637
106600,13325,9.8883116e-5,0.381227,1.4641,48.78,0.0309,1.974291
106700,13337,9.888111e-5,0.371704,1.4502,46.65,0.0300,1.928440
106800,13350,9.887894e-5,0.393663,1.4824,47.20,0.0315,2.059211
106900,13362,9.887693e-5,0.398990,1.4903,48.35,0.0307,2.103800
107000,13375,9.887475e-5,0.416224,1.5162,46.51,0.0299,2.169272
107100,13387,9.887274e-5,0.390808,1.4782,53.87,0.0346,2.049111
107200,13400,9.887056e-5,0.396511,1.4866,46.42,0.0316,2.085077
107300,13412,9.886855e-5,0.387422,1.4732,46.94,0.0321,2.007965
107400,13425,9.886637e-5,0.402872,1.4961,49.62,0.0300,2.112754
107500,13437,9.8864344e-5,0.402409,1.4954,45.33,0.0294,2.102967
107600,13450,9.886215e-5,0.391394,1.4790,47.02,0.0308,2.044873
107700,13462,9.8860124e-5,0.392896,1.4813,46.76,0.0297,2.039403
107800,13475,9.885793e-5,0.397048,1.4874,47.70,0.0292,2.066622
107900,13487,9.8855904e-5,0.373673,1.4531,44.87,0.0282,1.949102
108000,13500,9.885371e-5,0.390563,1.4778,48.45,0.0309,2.035912
108100,13512,9.8851684e-5,0.395674,1.4854,54.41,0.0344,2.059009
108200,13525,9.884947e-5,0.389527,1.4763,46.70,0.0320,2.047330
108300,13537,9.884745e-5,0.389951,1.4769,47.54,0.0310,2.045019
108400,13550,9.884524e-5,0.399259,1.4907,47.94,0.0298,2.088421
108500,13562,9.88432e-5,0.384036,1.4682,47.18,0.0322,2.000501
108600,13575,9.8841e-5,0.413956,1.5128,49.60,0.0312,2.154660
108700,13587,9.883895e-5,0.408124,1.5040,47.27,0.0307,2.144430
108800,13600,9.883674e-5,0.379960,1.4622,55.75,0.0369,1.971247
108900,13612,9.883469e-5,0.395006,1.4844,75.23,0.0438,2.061784
109000,13625,9.8832475e-5,0.407552,1.5031,48.98,0.0315,2.152943
109100,13637,9.8830424e-5,0.403044,1.4964,54.33,0.0348,2.109844
109200,13650,9.882821e-5,0.396711,1.4869,48.65,0.0306,2.073346
109300,13662,9.882616e-5,0.375016,1.4550,48.66,0.0326,1.960285
109400,13675,9.882393e-5,0.387297,1.4730,49.10,0.0312,2.025334
109500,13687,9.882187e-5,0.382846,1.4665,49.87,0.0314,2.003896
109600,13700,9.881964e-5,0.389504,1.4762,50.64,0.0300,2.031070
109700,13712,9.881759e-5,0.384857,1.4694,47.76,0.0315,2.001309
109800,13725,9.881536e-5,0.379907,1.4621,45.69,0.0313,1.977286
109900,13737,9.8813296e-5,0.393458,1.4821,47.44,0.0316,2.053568
110000,13750,9.8811055e-5,0.402801,1.4960,47.93,0.0297,2.117280
110100,13762,9.880899e-5,0.384764,1.4693,51.17,0.0326,1.999434
110200,13775,9.880673e-5,0.377556,1.4587,45.59,0.0310,1.966833
110300,13787,9.880467e-5,0.404206,1.4981,48.24,0.0299,2.131582
110400,13800,9.8802426e-5,0.388136,1.4742,45.81,0.0316,2.036245
110500,13812,9.880036e-5,0.407987,1.5038,47.51,0.0290,2.118943
110600,13825,9.8798104e-5,0.389914,1.4769,48.37,0.0321,2.051981
110700,13837,9.879602e-5,0.383386,1.4672,46.44,0.0302,2.002858
110800,13850,9.879377e-5,0.385863,1.4709,47.07,0.0320,2.023337
110900,13862,9.879169e-5,0.383216,1.4670,48.09,0.0318,2.001643
111000,13875,9.878943e-5,0.390296,1.4774,47.48,0.0305,2.034922
111100,13887,9.878735e-5,0.399177,1.4906,53.28,0.0335,2.071605
111200,13900,9.8785094e-5,0.383805,1.4679,48.07,0.0306,2.000915
111300,13912,9.8783e-5,0.390469,1.4777,47.64,0.0301,2.037729
111400,13925,9.878073e-5,0.407207,1.5026,46.98,0.0316,2.135871
111500,13937,9.877865e-5,0.399273,1.4907,48.25,0.0304,2.075485
111600,13950,9.877638e-5,0.394008,1.4829,48.87,0.0315,2.061843
111700,13962,9.877427e-5,0.401924,1.4947,46.56,0.0312,2.094069
111800,13975,9.8772e-5,0.377049,1.4580,47.65,0.0317,1.954873
111900,13987,9.87699e-5,0.395445,1.4850,48.43,0.0298,2.074879
112000,14000,9.876762e-5,0.379769,1.4619,47.23,0.0309,1.985691
112100,14012,9.876552e-5,0.382522,1.4660,51.63,0.0330,1.990065
112200,14025,9.876324e-5,0.412148,1.5101,48.65,0.0314,2.164688
112300,14037,9.876113e-5,0.386037,1.4711,49.55,0.0304,2.006204
112400,14050,9.875884e-5,0.392138,1.4801,49.38,0.0306,2.050690
112500,14062,9.875673e-5,0.379137,1.4610,49.34,0.0333,1.988961
112600,14075,9.875445e-5,0.385889,1.4709,46.93,0.0309,2.004958
112700,14087,9.875234e-5,0.387399,1.4731,46.21,0.0301,2.026655
112800,14100,9.875004e-5,0.396679,1.4869,47.78,0.0307,2.079164
112900,14112,9.8747914e-5,0.399848,1.4916,46.91,0.0301,2.088580
113000,14125,9.874563e-5,0.392537,1.4807,47.96,0.0318,2.055718
113100,14137,9.8743505e-5,0.394663,1.4839,51.06,0.0329,2.061323
113200,14150,9.874119e-5,0.394750,1.4840,46.45,0.0302,2.064055
113300,14162,9.873907e-5,0.377520,1.4587,46.87,0.0307,1.965775
113400,14175,9.873677e-5,0.365630,1.4414,45.85,0.0310,1.882064
113500,14187,9.873464e-5,0.396766,1.4870,46.20,0.0302,2.057110
113600,14200,9.873233e-5,0.387444,1.4732,47.79,0.0311,2.024969
113700,14212,9.873019e-5,0.396006,1.4859,46.16,0.0312,2.078907
113800,14225,9.8727876e-5,0.401606,1.4942,47.12,0.0289,2.118327
113900,14237,9.872575e-5,0.396632,1.4868,48.23,0.0297,2.101056
114000,14250,9.872342e-5,0.386172,1.4713,47.43,0.0310,2.021321
114100,14262,9.8721284e-5,0.377948,1.4593,49.67,0.0343,1.961106
114200,14275,9.871897e-5,0.400008,1.4918,46.05,0.0310,2.110070
114300,14287,9.871682e-5,0.382183,1.4655,46.67,0.0304,1.978432
114400,14300,9.87145e-5,0.399606,1.4912,48.05,0.0287,2.076448
114500,14312,9.871235e-5,0.381429,1.4644,45.35,0.0287,1.990564
114600,14325,9.871002e-5,0.396223,1.4862,47.24,0.0275,2.071079
114700,14337,9.870787e-5,0.392774,1.4811,46.54,0.0290,2.057800
114800,14350,9.870554e-5,0.398028,1.4889,46.97,0.0308,2.084453
114900,14362,9.8703385e-5,0.397704,1.4884,47.06,0.0295,2.068322
115000,14375,9.870104e-5,0.384838,1.4694,45.88,0.0291,2.013552
115100,14387,9.869889e-5,0.386704,1.4721,50.03,0.0324,2.014305
115200,14400,9.8696546e-5,0.382588,1.4661,45.74,0.0289,2.005911
115300,14412,9.869438e-5,0.376354,1.4570,45.82,0.0309,1.966117
115400,14425,9.8692035e-5,0.383824,1.4679,45.47,0.0290,2.013476
115500,14437,9.868987e-5,0.381284,1.4642,46.72,0.0301,1.989803
115600,14450,9.8687524e-5,0.377204,1.4582,46.59,0.0317,1.957529
115700,14462,9.8685356e-5,0.381690,1.4648,45.49,0.0310,1.994608
115800,14475,9.8683e-5,0.397116,1.4875,46.65,0.0292,2.103535
115900,14487,9.868083e-5,0.387464,1.4732,46.10,0.0305,2.024189
116000,14500,9.867847e-5,0.392848,1.4812,47.24,0.0294,2.055740
116100,14512,9.867629e-5,0.376776,1.4576,68.73,0.0438,1.968604
116200,14525,9.867393e-5,0.393842,1.4827,65.16,0.0419,2.042287
116300,14537,9.867175e-5,0.388094,1.4742,65.47,0.0392,2.034146
116400,14550,9.866938e-5,0.401061,1.4934,64.87,0.0443,2.115892
116500,14562,9.8667195e-5,0.387000,1.4726,65.04,0.0417,2.021050
116600,14575,9.866482e-5,0.392226,1.4803,65.42,0.0401,2.040586
116700,14587,9.866264e-5,0.388142,1.4742,66.59,0.0408,2.015163
116800,14600,9.866027e-5,0.389140,1.4757,66.83,0.0402,2.018586
116900,14612,9.865807e-5,0.364249,1.4394,64.51,0.0431,1.884674
117000,14625,9.86557e-5,0.380972,1.4637,67.33,0.0419,1.993780
117100,14637,9.86535e-5,0.373211,1.4524,52.68,0.0324,1.943736
117200,14650,9.8651115e-5,0.392657,1.4809,46.01,0.0287,2.051636
117300,14662,9.864892e-5,0.393128,1.4816,46.13,0.0281,2.054715
117400,14675,9.864653e-5,0.391870,1.4797,46.10,0.0324,2.059880
117500,14687,9.8644334e-5,0.393724,1.4825,48.85,0.0317,2.055830
117600,14700,9.864195e-5,0.391308,1.4789,50.19,0.0324,2.044337
117700,14712,9.8639735e-5,0.377436,1.4585,48.69,0.0319,1.979208
117800,14725,9.863735e-5,0.392113,1.4801,60.08,0.0374,2.039613
117900,14737,9.863514e-5,0.383744,1.4678,66.97,0.0419,2.002311
118000,14750,9.8632736e-5,0.379704,1.4619,49.00,0.0321,1.975298
118100,14762,9.8630524e-5,0.396236,1.4862,54.13,0.0322,2.077295
118200,14775,9.862812e-5,0.373115,1.4523,47.43,0.0335,1.937809
118300,14787,9.862591e-5,0.396347,1.4864,49.31,0.0326,2.072407
118400,14800,9.8623495e-5,0.398830,1.4901,49.47,0.0299,2.067512
118500,14812,9.862128e-5,0.384269,1.4685,48.76,0.0310,2.006545
118600,14825,9.861887e-5,0.380266,1.4627,48.30,0.0304,1.976199
118700,14837,9.861664e-5,0.405475,1.5000,48.92,0.0298,2.106097
118800,14850,9.8614226e-5,0.387148,1.4728,48.44,0.0314,2.028779
118900,14862,9.8612e-5,0.364632,1.4400,47.42,0.0327,1.902745
119000,14875,9.8609584e-5,0.404836,1.4991,48.61,0.0319,2.127827
119100,14887,9.860736e-5,0.391599,1.4793,52.99,0.0325,2.016979
119200,14900,9.860493e-5,0.373836,1.4533,47.13,0.0305,1.935591
119300,14912,9.86027e-5,0.383390,1.4672,47.39,0.0311,1.996033
119400,14925,9.860027e-5,0.375445,1.4556,48.54,0.0319,1.939728
119500,14937,9.859803e-5,0.397846,1.4886,49.80,0.0323,2.103048
119600,14950,9.8595614e-5,0.399038,1.4904,42.89,0.0263,2.081142
119700,14962,9.859336e-5,0.401867,1.4946,39.21,0.0233,2.108984
119800,14975,9.859093e-5,0.391589,1.4793,39.20,0.0249,2.049644
119900,14987,9.858867e-5,0.379464,1.4615,38.71,0.0233,1.985196
120000,15000,9.858624e-5,0.387525,1.4733,38.29,0.0238,2.022955
120100,15012,9.858399e-5,0.396992,1.4873,43.05,0.0278,2.077640
120200,15025,9.858156e-5,0.381147,1.4640,37.65,0.0241,1.980556
120300,15037,9.85793e-5,0.389201,1.4758,38.48,0.0250,2.008898
120400,15050,9.857686e-5,0.395570,1.4852,38.80,0.0244,2.074634
120500,15062,9.85746e-5,0.364808,1.4402,37.85,0.0252,1.906707
120600,15075,9.857214e-5,0.402314,1.4953,38.73,0.0247,2.108487
120700,15087,9.8569886e-5,0.398799,1.4900,38.94,0.0248,2.079292
120800,15100,9.856743e-5,0.391551,1.4793,37.25,0.0238,2.050395
120900,15112,9.856517e-5,0.384524,1.4689,37.21,0.0246,2.013995
121000,15125,9.856271e-5,0.376012,1.4565,38.02,0.0264,1.950456
121100,15137,9.856044e-5,0.387126,1.4727,49.24,0.0318,2.029241
121200,15150,9.855798e-5,0.382866,1.4665,46.51,0.0291,2.007396
121300,15162,9.855571e-5,0.405993,1.5008,47.75,0.0297,2.114727
121400,15175,9.855324e-5,0.375675,1.4560,46.80,0.0305,1.970387
121500,15187,9.855097e-5,0.372915,1.4520,42.55,0.0280,1.934120
121600,15200,9.8548495e-5,0.400812,1.4930,48.29,0.0278,2.085263
121700,15212,9.854621e-5,0.397064,1.4875,48.05,0.0288,2.077316
121800,15225,9.854375e-5,0.391133,1.4787,45.97,0.0307,2.027734
121900,15237,9.854145e-5,0.396580,1.4867,46.19,0.0295,2.077083
122000,15250,9.853898e-5,0.368164,1.4451,47.61,0.0296,1.901737
122100,15262,9.853669e-5,0.376339,1.4569,70.48,0.0443,1.960109
122200,15275,9.853422e-5,0.377447,1.4586,57.27,0.0350,1.959115
122300,15287,9.853192e-5,0.367622,1.4443,47.57,0.0305,1.898307
122400,15300,9.852945e-5,0.391473,1.4792,47.82,0.0301,2.046569
122500,15312,9.852715e-5,0.373025,1.4521,44.38,0.0285,1.942699
122600,15325,9.852466e-5,0.372671,1.4516,47.13,0.0294,1.955077
122700,15337,9.852236e-5,0.379807,1.4620,43.28,0.0283,1.971722
122800,15350,9.851987e-5,0.391475,1.4792,43.00,0.0276,2.056759
122900,15362,9.851757e-5,0.387355,1.4731,48.87,0.0314,2.018888
123000,15375,9.851507e-5,0.372587,1.4515,47.27,0.0315,1.945325
123100,15387,9.8512755e-5,0.387372,1.4731,51.77,0.0341,2.036973
123200,15400,9.851025e-5,0.383184,1.4669,46.46,0.0303,1.997103
123300,15412,9.850795e-5,0.372062,1.4507,46.23,0.0308,1.936999
123400,15425,9.850545e-5,0.396134,1.4861,46.65,0.0294,2.074587
123500,15437,9.850314e-5,0.374456,1.4542,46.71,0.0314,1.953084
123600,15450,9.850062e-5,0.393617,1.4823,47.13,0.0295,2.051177
123700,15462,9.8498305e-5,0.382125,1.4654,45.59,0.0307,2.000032
123800,15475,9.84958e-5,0.389117,1.4757,46.28,0.0289,2.055036
123900,15487,9.8493474e-5,0.382582,1.4661,46.33,0.0303,1.991815
124000,15500,9.849096e-5,0.360413,1.4339,45.72,0.0312,1.865864
124100,15512,9.848864e-5,0.391509,1.4792,50.15,0.0318,2.046958
124200,15525,9.8486125e-5,0.387982,1.4740,45.76,0.0307,2.035595
124300,15537,9.84838e-5,0.386160,1.4713,46.63,0.0290,2.013967
124400,15550,9.8481265e-5,0.378719,1.4604,47.78,0.0297,1.968886
124500,15562,9.847894e-5,0.389957,1.4769,45.79,0.0296,2.034394
124600,15575,9.8476405e-5,0.369680,1.4473,46.44,0.0313,1.923394
124700,15587,9.847408e-5,0.385593,1.4705,46.91,0.0304,2.019317
124800,15600,9.8471544e-5,0.373840,1.4533,45.18,0.0301,1.945935
124900,15612,9.84692e-5,0.385316,1.4701,47.32,0.0292,2.020725
125000,15625,9.846667e-5,0.359546,1.4327,45.69,0.0309,1.879882
125100,15637,9.846431e-5,0.375813,1.4562,50.12,0.0319,1.943257
125200,15650,9.846178e-5,0.368934,1.4462,46.67,0.0306,1.917337
125300,15662,9.845944e-5,0.386096,1.4712,46.13,0.0314,2.011458
125400,15675,9.845689e-5,0.377125,1.4581,46.17,0.0308,1.981824
125500,15687,9.845455e-5,0.387848,1.4738,47.79,0.0292,2.024068
125600,15700,9.845199e-5,0.399492,1.4911,46.64,0.0296,2.101203
125700,15712,9.8449644e-5,0.369649,1.4472,47.45,0.0300,1.922135
125800,15725,9.844708e-5,0.376871,1.4577,46.34,0.0290,1.954260
125900,15737,9.8444725e-5,0.384810,1.4693,45.67,0.0296,2.003350
126000,15750,9.844218e-5,0.367499,1.4441,45.83,0.0303,1.909052
